title,organiser,blurb,description,guid,activity_or_event,url,is_free,price_display_teaser,price_display,price,min_price,max_price,age_group_display,min_age,max_age,datetime_display_teaser,datetime_display,start_datetime,end_datetime,venue_name,label_tag,Keyword_tag,full_address,categories,images,id,longitude,latitude,district,area,checked,source_file
HortPark: Nature Playgarden and Therapeutic Garden,National Parks Board (NParks),Explore nature playgarden and therapeutic garden at HortPark.,"HortPark features a Nature Playgarden designed to encourage outdoor play for preschoolers, fostering creativity and motor skills. The Therapeutic Garden enhances mental well-being through evidence-based design. Additionally, there are playgrounds with sandpit, slides, kiddie rides, and a space net for climbing. HortPark offers various venues for booking, suitable for organized tours and group activities. Vineyard restaurant is also located within the park. It's a family-friendly environment where children can engage in open-ended play and exercise their creativity.",https://www.nparks.gov.sg/visit/parks/park-detail/hortpark,activity,https://www.nparks.gov.sg/visit/parks/park-detail/hortpark,True,Free,Free,0.0,0.0,0.0,12 years old and below,0.0,12.0,Available daily,"Weekdays: 9am - 12pm, 1pm - 5pm, Weekends & PH: 8.30am - 12.30pm",1970-01-01T00:00:00,2099-12-31T23:59:00,HortPark,Sandpit,"Nature, garden, playground, sand, park","33 Hyderabad Rd, Singapore 119578",Outdoor Playground,"[{""url"": """", ""original_url"": ""https://www.nparks.gov.sg/visit/parks/park-detail/hortpark"", ""filename"": ""HortPark__Nature_Playgarden_and_Therapeutic_Garden_1.jpg"", ""local_path"": ""events_output/outdoor_add/images/HortPark__Nature_Playgarden_and_Therapeutic_Garden_1.jpg"", ""source_credit"": ""nparks""}, {""url"": """", ""original_url"": ""https://www.nparks.gov.sg/visit/parks/park-detail/hortpark"", ""filename"": ""HortPark__Nature_Playgarden_and_Therapeutic_Garden_2.jpg"", ""local_path"": ""events_output/outdoor_add/images/HortPark__Nature_Playgarden_and_Therapeutic_Garden_2.jpg"", ""source_credit"": ""nparks""}, {""url"": ""https://www.nparks.gov.sg/images/default-source/default-album/_system/amenitycategoryicons/nature.svg"", ""original_url"": ""https://www.nparks.gov.sg/images/default-source/default-album/_system/amenitycategoryicons/nature.svg"", ""filename"": ""HortPark__Nature_Playgarden_and_Therapeutic_Garden_3.jpg"", ""local_path"": ""events_output/outdoor_add/images/HortPark__Nature_Playgarden_and_Therapeutic_Garden_3.jpg"", ""source_credit"": ""National Parks Board (NParks)""}]",363.0,103.7998185,1.2791306999999998,Queenstown,Central Region,True,ns_hortpark.json
Fruit-based Theme Playground at Blk 686 CCK,Parklab,Uniquely crafted playground for healthy living.,"This fruit-based themed playground is designed to add nutrients to the neighbourhood residents’ healthy living lifestyle. It offers a unique play experience with various fruit-themed structures and play equipment, encouraging active play and imagination. The playground is suitable for children of all ages and provides a safe and engaging environment for them to explore and have fun. It aims to promote a healthy and active lifestyle among the residents by providing a fun and interactive play space. The design incorporates elements that stimulate creativity and physical activity, making it a valuable addition to the community. The playground is designed to be inclusive and accessible to all children, regardless of their abilities.",https://www.parklab.com.sg/portfolio/publicresidences/,activity,https://www.parklab.com.sg/portfolio/publicresidences/,True,Free,Free,0.0,0.0,0.0,12 years old and below,0.0,12.0,Available daily,Available daily,1970-01-01T00:00:00,2099-12-31T23:59:00,Blk 686 CCK,,"fruit, xylophone, sensory, slide, neighborhood, neighbourhood","686 Choa Chu Kang Cres, Singapore 683686",Outdoor Playground,"[{""url"": """", ""original_url"": ""https://www.parklab.com.sg/portfolios/myttc-lifestyle-harvest/"", ""filename"": ""Fruit_based_Theme_Playground_at_Blk_686_CCK_1.jpg"", ""local_path"": ""events_output/outdoor_add/images/user_uploads/Fruit_based_Theme_Playground_at_Blk_686_CCK_1.jpg"", ""source_credit"": ""parklab""}, {""url"": """", ""original_url"": ""https://www.parklab.com.sg/portfolios/myttc-lifestyle-harvest/"", ""filename"": ""Fruit_based_Theme_Playground_at_Blk_686_CCK_2.jpg"", ""local_path"": ""events_output/outdoor_add/images/user_uploads/Fruit_based_Theme_Playground_at_Blk_686_CCK_2.jpg"", ""source_credit"": ""parklab""}, {""url"": """", ""original_url"": ""https://www.parklab.com.sg/portfolios/myttc-lifestyle-harvest/"", ""filename"": ""Fruit_based_Theme_Playground_at_Blk_686_CCK_3.jpg"", ""local_path"": ""events_output/outdoor_add/images/user_uploads/Fruit_based_Theme_Playground_at_Blk_686_CCK_3.jpg"", ""source_credit"": ""parklab""}]",367.0,103.7489839,1.4040069,Choa Chu Kang,West Region,True,parklab.json
Lion-Themed Playground at 286-289 Choa Chu Kang,Parklab,Vibrant lion-themed playground with adventure and play.,"This vibrant lion-themed playground comes alive with adventure and play. At its center stands a majestic lion sculpture with a welcoming face, sparking imagination and excitement in young explorers. The playground is designed to provide a safe and engaging environment for children to explore and have fun. It features various play structures and equipment that encourage physical activity and creativity. The lion sculpture serves as a focal point, inspiring children to imagine and create their own stories and adventures. The playground is designed to be inclusive and accessible to all children, regardless of their abilities. It aims to promote a healthy and active lifestyle among the residents by providing a fun and interactive play space.",https://www.parklab.com.sg/portfolio/publicresidences/,activity,https://www.parklab.com.sg/portfolio/publicresidences/,True,Free,Free,0.0,0.0,0.0,12 years old and below,0.0,12.0,Available daily,Available daily,1970-01-01T00:00:00,2099-12-31T23:59:00,286-289 Choa Chu Kang Ave 2,,"lion, adventure, slide, sensory, neighborhood, neighbourhood",Singapore,Outdoor Playground,"[{""url"": """", ""original_url"": ""https://www.parklab.com.sg/portfolios/286-289-choa-chu-kang-ave-2/"", ""filename"": ""Lion_Themed_Playground_at_286_289_Choa_Chu_Kang_1.jpg"", ""local_path"": ""events_output/outdoor_add/images/user_uploads/Lion_Themed_Playground_at_286_289_Choa_Chu_Kang_1.jpg"", ""source_credit"": ""parklab""}, {""url"": """", ""original_url"": ""https://www.parklab.com.sg/portfolios/286-289-choa-chu-kang-ave-2/"", ""filename"": ""Lion_Themed_Playground_at_286_289_Choa_Chu_Kang_2.jpg"", ""local_path"": ""events_output/outdoor_add/images/user_uploads/Lion_Themed_Playground_at_286_289_Choa_Chu_Kang_2.jpg"", ""source_credit"": ""parklab""}, {""url"": """", ""original_url"": ""https://www.parklab.com.sg/portfolios/286-289-choa-chu-kang-ave-2/"", ""filename"": ""Lion_Themed_Playground_at_286_289_Choa_Chu_Kang_3.jpg"", ""local_path"": ""events_output/outdoor_add/images/user_uploads/Lion_Themed_Playground_at_286_289_Choa_Chu_Kang_3.jpg"", ""source_credit"": ""parklab""}]",368.0,103.740555,1.379481,Choa Chu Kang,West Region,True,parklab.json
Hedgehog Sculpture Playground at Choa Chu Kang,Parklab,Charming hedgehog sculpture with a friendly face.,"At its core is a charming hedgehog sculpture with a friendly face, inspiring imagination and play. Designed for safe fun, it features an elevated platform and a gentle, thrilling slide. The playground is designed to provide a safe and engaging environment for children to explore and have fun. It features various play structures and equipment that encourage physical activity and creativity. The hedgehog sculpture serves as a focal point, inspiring children to imagine and create their own stories and adventures. The playground is designed to be inclusive and accessible to all children, regardless of their abilities. It aims to promote a healthy and active lifestyle among the residents by providing a fun and interactive play space.",https://www.parklab.com.sg/portfolio/publicresidences/,activity,https://www.parklab.com.sg/portfolio/publicresidences/,True,Free,Free,0.0,0.0,0.0,12 years old and below,0.0,12.0,Available daily,Available daily,1970-01-01T00:00:00,2099-12-31T23:59:00,287-295 Choa Chu Kang Ave 2,,"hedgehog , slide, sensory, neighborhood, neighbourhood","287 Choa Chu Kang Ave 2, Singapore 680287",Outdoor Playground,"[{""url"": """", ""original_url"": ""https://www.parklab.com.sg/portfolios/287-295-choa-chu-kang-ave-2/"", ""filename"": ""Hedgehog_Sculpture_Playground_at_Choa_Chu_Kang_1.jpg"", ""local_path"": ""events_output/outdoor_add/images/user_uploads/Hedgehog_Sculpture_Playground_at_Choa_Chu_Kang_1.jpg"", ""source_credit"": ""parklab""}, {""url"": """", ""original_url"": ""https://www.parklab.com.sg/portfolios/287-295-choa-chu-kang-ave-2/"", ""filename"": ""Hedgehog_Sculpture_Playground_at_Choa_Chu_Kang_2.jpg"", ""local_path"": ""events_output/outdoor_add/images/user_uploads/Hedgehog_Sculpture_Playground_at_Choa_Chu_Kang_2.jpg"", ""source_credit"": ""parklab""}, {""url"": """", ""original_url"": ""https://www.parklab.com.sg/portfolios/287-295-choa-chu-kang-ave-2/"", ""filename"": ""Hedgehog_Sculpture_Playground_at_Choa_Chu_Kang_3.jpg"", ""local_path"": ""events_output/outdoor_add/images/user_uploads/Hedgehog_Sculpture_Playground_at_Choa_Chu_Kang_3.jpg"", ""source_credit"": ""parklab""}]",369.0,103.74154279999999,1.3793266,Choa Chu Kang,West Region,True,parklab.json
Zebra-Themed Playground at 283-284 Choa Chu Kang,Parklab,Distinctively designed zebra-themed playground for excitement.,"This distinctively designed zebra-themed playground brings stripes of excitement and exploration to your neighborhood, enriching residents’ active and creative lifestyles. The playground features various play structures and equipment that encourage physical activity and creativity. The zebra theme adds a unique and playful element to the space, inspiring children to imagine and create their own stories and adventures. The playground is designed to be inclusive and accessible to all children, regardless of their abilities. It aims to promote a healthy and active lifestyle among the residents by providing a fun and interactive play space. The design incorporates elements that stimulate creativity and physical activity, making it a valuable addition to the community.",https://www.parklab.com.sg/portfolio/publicresidences/,activity,https://www.parklab.com.sg/portfolio/publicresidences/,True,Free,Free,0.0,0.0,0.0,12 years old and below,0.0,12.0,Available daily,Available daily,1970-01-01T00:00:00,2099-12-31T23:59:00,283-284 Choa Chu Kang Ave 2,,"zebra , sensory, slide, neighborhood, neighbourhood, merry-go-round","283 Choa Chu Kang Ave 3, #12-410, Singapore 680283",Outdoor Playground,"[{""url"": """", ""original_url"": ""https://www.parklab.com.sg/portfolios/283-284-choa-chu-kang-ave-2/"", ""filename"": ""Zebra_Themed_Playground_at_283_284_Choa_Chu_Kang_1.jpg"", ""local_path"": ""events_output/outdoor_add/images/user_uploads/Zebra_Themed_Playground_at_283_284_Choa_Chu_Kang_1.jpg"", ""source_credit"": ""parklab""}, {""url"": """", ""original_url"": ""https://www.parklab.com.sg/portfolios/283-284-choa-chu-kang-ave-2/"", ""filename"": ""Zebra_Themed_Playground_at_283_284_Choa_Chu_Kang_2.jpg"", ""local_path"": ""events_output/outdoor_add/images/user_uploads/Zebra_Themed_Playground_at_283_284_Choa_Chu_Kang_2.jpg"", ""source_credit"": ""parklab""}, {""url"": """", ""original_url"": ""https://www.parklab.com.sg/portfolios/283-284-choa-chu-kang-ave-2/"", ""filename"": ""Zebra_Themed_Playground_at_283_284_Choa_Chu_Kang_3.jpg"", ""local_path"": ""events_output/outdoor_add/images/user_uploads/Zebra_Themed_Playground_at_283_284_Choa_Chu_Kang_3.jpg"", ""source_credit"": ""parklab""}]",370.0,103.74299909999999,1.379626,Choa Chu Kang,West Region,True,parklab.json
A Feathered Friend’s Playground Adventure,Parklab,Colourful Parrot play-set creates a welcoming vibe.,"Located at 274 Choa Chu Kang Ave 2, this playground is part of a Neighbourhood Renewal Programme (NRP) that merges creativity and functional play values for kid’s exploration. The iconic playground serves as a focal point for residents, offering a refreshing and visually appealing space. The design incorporates a big-sized friendly Parrot play-set, creating a welcoming vibe for children. It allows for exploration and imaginative play, making it a vibrant and engaging environment for kids in the Choa Chu Kang Estate. The playground is designed to be visible and appealing from the surrounding high-rise HDB buildings.",https://www.parklab.com.sg/portfolio/publicresidences/,activity,https://www.parklab.com.sg/portfolio/publicresidences/,True,Free,Free,0.0,0.0,0.0,12 years old and below,0.0,12.0,Available daily,Available daily,1970-01-01T00:00:00,2099-12-31T23:59:00,274 Choa Chu Kang Ave 2,,"Parrot, slide, merry-go-round, neighborhood, neighbourhood","274 Choa Chu Kang Ave 2, Singapore 680274",Outdoor Playground,"[{""url"": ""https://www.parklab.com.sg/wp-content/uploads/2024/08/WhatsApp-Image-2024-07-16-at-18.03.01-4.jpeg"", ""original_url"": ""https://www.parklab.com.sg/wp-content/uploads/2024/08/WhatsApp-Image-2024-07-16-at-18.03.01-4.jpeg"", ""filename"": ""A_Feathered_Friend_s_Playground_Adventure_1.jpg"", ""local_path"": ""events_output/outdoor_add/images/A_Feathered_Friend_s_Playground_Adventure_1.jpg"", ""source_credit"": ""Parklab""}, {""url"": """", ""original_url"": ""https://www.parklab.com.sg/portfolios/nrp-chao-chu-kang/"", ""filename"": ""A_Feathered_Friend_s_Playground_Adventure_2.jpeg"", ""local_path"": ""events_output/outdoor_add/images/A_Feathered_Friend_s_Playground_Adventure_2.jpeg"", ""source_credit"": ""parklab""}, {""url"": """", ""original_url"": ""https://www.parklab.com.sg/portfolios/nrp-chao-chu-kang/"", ""filename"": ""A_Feathered_Friend_s_Playground_Adventure_3.jpeg"", ""local_path"": ""events_output/outdoor_add/images/A_Feathered_Friend_s_Playground_Adventure_3.jpeg"", ""source_credit"": ""parklab""}, {""url"": """", ""original_url"": ""https://www.parklab.com.sg/portfolios/nrp-chao-chu-kang/"", ""filename"": ""A_Feathered_Friend_s_Playground_Adventure_4.jpeg"", ""local_path"": ""events_output/outdoor_add/images/A_Feathered_Friend_s_Playground_Adventure_4.jpeg"", ""source_credit"": ""parklab""}]",381.0,103.74282199999999,1.379378,Choa Chu Kang,West Region,True,parklab.json
Fitness Meets Fun at Toa Payoh Lorong 1,Parklab,A space where fitness meets fun for everyone.,"Located at 128 Toa Payoh Lorong 1, this space encourages fitness and fun for all. It's designed to be a place where people can make the most of their time by engaging in physical activities. The area promotes a healthy lifestyle and provides an environment where friends and family can come together to get moving. It is designed to encourage physical activity and community engagement, making it a valuable addition to the Toa Payoh neighborhood. The space is open to everyone, promoting inclusivity and a sense of community.",https://www.parklab.com.sg/portfolio/publicresidences/,activity,https://www.parklab.com.sg/portfolio/publicresidences/,True,Free,Free,0.0,0.0,0.0,12 years old and below,0.0,12.0,Available daily,Available daily,1970-01-01T00:00:00,2099-12-31T23:59:00,128 Toa Payoh Lorong 1,,"community, exercise, neighborhood, neighbourhood, climb, rope, fitness","128 Lor 1 Toa Payoh, Singapore 310128",Outdoor Playground,"[{""url"": """", ""original_url"": ""https://www.parklab.com.sg/portfolios/128-toa-payoh-lorong-1/"", ""filename"": ""Fitness_Meets_Fun_at_Toa_Payoh_Lorong_1_1.jpeg"", ""local_path"": ""events_output/outdoor_add/images/user_uploads/Fitness_Meets_Fun_at_Toa_Payoh_Lorong_1_1.jpeg"", ""source_credit"": ""parklab""}, {""url"": """", ""original_url"": ""https://www.parklab.com.sg/portfolios/128-toa-payoh-lorong-1/"", ""filename"": ""Fitness_Meets_Fun_at_Toa_Payoh_Lorong_1_2.jpeg"", ""local_path"": ""events_output/outdoor_add/images/user_uploads/Fitness_Meets_Fun_at_Toa_Payoh_Lorong_1_2.jpeg"", ""source_credit"": ""parklab""}, {""url"": """", ""original_url"": ""https://www.parklab.com.sg/portfolios/128-toa-payoh-lorong-1/"", ""filename"": ""Fitness_Meets_Fun_at_Toa_Payoh_Lorong_1_3.jpg"", ""local_path"": ""events_output/outdoor_add/images/user_uploads/Fitness_Meets_Fun_at_Toa_Payoh_Lorong_1_3.jpg"", ""source_credit"": ""parklab""}, {""url"": ""https://www.parklab.com.sg/wp-content/uploads/2025/03/GH245564-scaled.jpeg"", ""original_url"": ""https://www.parklab.com.sg/wp-content/uploads/2025/03/GH245564-scaled.jpeg"", ""filename"": """", ""local_path"": """", ""source_credit"": ""Parklab""}]",382.0,103.84440579999999,1.3379959,Toa Payoh,Central Region,True,parklab.json
Nature-Inspired Playground at 264 Jurong Street 24,Parklab,Smiles Around Every Corner,"Nestled in the heart of Jurong East, 264 Jurong East Street 24 is a charming nature-inspired playground that brings the magic of the outdoors right into the neighbourhood. This beautifully crafted space combines play, imagination, and nature in one inviting spot. A central treehouse structure stands proudly amidst lush greenery, surrounded by slides, rope climbers, balancing beams, and interactive play panels that spark curiosity and adventure. Children can scale nets, spin, bounce on the tortoise spring rider, or explore hidden corners that encourage creative play, while parents can unwind nearby under the shade. Every detail is thoughtfully designed to blend fun with safety, giving kids the freedom to move, imagine, and grow in a natural, open-air setting. Whether it’s a weekend outing or an everyday escape after school, this playground transforms ordinary playtime into a woodland adventure — a place where laughter echoes, friendships bloom, and nature’s calm meets the joy of discovery.",https://www.parklab.com.sg/portfolio/publicresidences/,activity,https://www.parklab.com.sg/portfolio/publicresidences/,True,Free,Free,0.0,0.0,0.0,12 years old and below,0.0,12.0,Available daily,Available daily,1970-01-01T00:00:00,2099-12-31T23:59:00,264 Jurong Street 24,,"Nature, slide, merry-go-round, neighborhood, neighbourhood","264 Jurong East St 24, Singapore 600264",Outdoor Playground,"[{""url"": """", ""original_url"": ""https://www.parklab.com.sg/portfolios/264-jurong-east-street-24/"", ""filename"": ""Nature_Inspired_Playground_at_264_Jurong_Street_24_1.jpg"", ""local_path"": ""events_output/outdoor_add/images/user_uploads/Nature_Inspired_Playground_at_264_Jurong_Street_24_1.jpg"", ""source_credit"": ""parklab""}, {""url"": """", ""original_url"": ""https://www.parklab.com.sg/portfolios/264-jurong-east-street-24/"", ""filename"": ""Nature_Inspired_Playground_at_264_Jurong_Street_24_2.jpg"", ""local_path"": ""events_output/outdoor_add/images/user_uploads/Nature_Inspired_Playground_at_264_Jurong_Street_24_2.jpg"", ""source_credit"": ""parklab""}, {""url"": """", ""original_url"": ""https://www.parklab.com.sg/portfolios/264-jurong-east-street-24/"", ""filename"": ""Nature_Inspired_Playground_at_264_Jurong_Street_24_3.jpg"", ""local_path"": ""events_output/outdoor_add/images/user_uploads/Nature_Inspired_Playground_at_264_Jurong_Street_24_3.jpg"", ""source_credit"": ""parklab""}]",384.0,103.7414077,1.3436778999999999,Jurong East,West Region,True,parklab.json
Changi Airport Terminal 3 (Basement Level),Playpoint Asia,Changi Airport Terminal 3 Basement Level attraction.,"Attraction located at Changi Airport Terminal 3 Basement Level, offering various activities and amenities for families and children. This family-friendly venue provides a range of entertainment options suitable for different age groups. Visitors can enjoy interactive play areas, engaging games, and comfortable resting spots. The facility is designed to create a fun and relaxing environment for travelers and locals alike. With its convenient location and diverse offerings, it's an ideal place for families to spend quality time together before or after their flights. The attraction aims to provide a memorable experience for all visitors, ensuring a pleasant and enjoyable visit to Changi Airport.",https://playpoint.asia/projects/hospitality/?filter-country=singapore,activity,https://playpoint.asia/projects/hospitality/?filter-country=singapore,True,Free,Free,0.0,0.0,0.0,2 to 5 years old,2.0,5.0,Available daily,Available daily,1970-01-01T00:00:00,2099-12-31T23:59:00,Changi Airport Terminal 3,,"airplane, aeroplane, slide, rainbow, simulate",Terminal 3,Attraction; Mall related; Indoor Playground,"[{""url"": ""https://playpoint.asia/wp-content/uploads/ChangiT3_Feat01.jpg"", ""original_url"": ""https://playpoint.asia/wp-content/uploads/ChangiT3_Feat01.jpg"", ""filename"": ""333_Changi_Airport_Terminal_3_1.jpg"", ""local_path"": ""events_output/outdoor_add/images/333_Changi_Airport_Terminal_3_1.jpg"", ""source_credit"": ""Playpoint Asia""}, {""url"": """", ""original_url"": ""https://playpoint.asia/projects/hospitality/changi-airport-terminal-3-basement-level/"", ""filename"": ""Changi_Airport_Terminal_3__Basement_Level__2.jpg"", ""local_path"": ""events_output/outdoor_add/images/Changi_Airport_Terminal_3__Basement_Level__2.jpg"", ""source_credit"": ""playpoint""}, {""url"": """", ""original_url"": ""https://playpoint.asia/projects/hospitality/changi-airport-terminal-3-basement-level/"", ""filename"": ""Changi_Airport_Terminal_3__Basement_Level__3.jpg"", ""local_path"": ""events_output/outdoor_add/images/Changi_Airport_Terminal_3__Basement_Level__3.jpg"", ""source_credit"": ""playpoint""}]",333.0,103.9865064,1.3562695999999999,Changi,East Region,True,play_hospitality.json
Changi Airport Terminal 1 Transit Area,Playpoint Asia,Venue at Changi Airport Terminal 1 Transit Area.,"The Changi Airport Terminal 1 Transit Area offers a variety of amenities and attractions for travelers passing through. While specific details about family-friendly activities are not provided in the immediate context, transit areas in airports often include play areas for children, comfortable seating, and dining options suitable for families. These areas aim to provide a relaxing and convenient environment for passengers of all ages during their transit. The area is designed to cater to the needs of travelers, ensuring a pleasant experience while waiting for their flights. It typically includes facilities such as restrooms, information counters, and retail outlets.",https://playpoint.asia/projects/hospitality/?filter-country=singapore,activity,https://playpoint.asia/projects/hospitality/?filter-country=singapore,False,From $,Please contact for pricing,0.0,0.0,0.0,4 to 12 years old,4.0,12.0,Available daily,Available daily,1970-01-01T00:00:00,2099-12-31T23:59:00,Changi Airport Terminal 1,,"bird, slide, balance, climb",Terminal 1,Attraction,"[{""url"": ""https://playpoint.asia/wp-content/uploads/ChangiT1_Bird_Feat01.jpg"", ""original_url"": ""https://playpoint.asia/wp-content/uploads/ChangiT1_Bird_Feat01.jpg"", ""filename"": ""334_Changi_Airport_Terminal_1_1.jpg"", ""local_path"": ""events_output/outdoor_add/images/334_Changi_Airport_Terminal_1_1.jpg"", ""source_credit"": ""Playpoint Asia""}, {""url"": """", ""original_url"": ""https://playpoint.asia/projects/hospitality/changi-airport-terminal-1-transit-area/"", ""filename"": ""Changi_Airport_Terminal_1_Transit_Area_2.jpg"", ""local_path"": ""events_output/outdoor_add/images/Changi_Airport_Terminal_1_Transit_Area_2.jpg"", ""source_credit"": ""playpoint""}, {""url"": """", ""original_url"": ""https://playpoint.asia/projects/hospitality/changi-airport-terminal-1-transit-area/"", ""filename"": ""Changi_Airport_Terminal_1_Transit_Area_3.jpg"", ""local_path"": ""events_output/outdoor_add/images/Changi_Airport_Terminal_1_Transit_Area_3.jpg"", ""source_credit"": ""playpoint""}]",334.0,103.9903272,1.3618583,Changi,East Region,True,play_hospitality.json
Bird Paradise - Egg Splash,Playpoint Asia,,"Bird Paradise is a wildlife park in Singapore. It is home to 3,500 birds from over 400 species. The park features a variety of exhibits, including a waterfall aviary, a penguin coast, and a rainforest walk. Visitors can also enjoy bird shows and feeding sessions. Egg Splash is a water park located in Bird Paradise.",https://playpoint.asia/projects/hospitality/?filter-country=singapore,event,https://playpoint.asia/projects/hospitality/?filter-country=singapore,True,Free ,Free (Bird Paradise admission required),0.0,0.0,0.0,12 years old and below,0.0,0.0,Available daily,"Available daily, 9:30am – 5:30pm",1970-01-01T00:00:00,2099-12-31T23:59:00,Bird Paradise,Water play,"water, fountain, park, wet, slide, mandai, zoo","20 Mandai Lake Rd, Singapore 729825",Attraction; Outdoor Playground,"[{""url"": ""https://playpoint.asia/wp-content/uploads/Mandai_EggSplash_Feat_01.jpg"", ""original_url"": ""https://playpoint.asia/wp-content/uploads/Mandai_EggSplash_Feat_01.jpg"", ""filename"": ""335_Bird_Paradise_1.jpg"", ""local_path"": ""events_output/outdoor_add/images/335_Bird_Paradise_1.jpg"", ""source_credit"": ""Playpoint Asia""}, {""url"": """", ""original_url"": ""https://playpoint.asia/projects/hospitality/bird-paradise-egg-splash/"", ""filename"": ""Bird_Paradise___Egg_Splash_2.jpg"", ""local_path"": ""events_output/outdoor_add/images/Bird_Paradise___Egg_Splash_2.jpg"", ""source_credit"": ""playpoint""}, {""url"": """", ""original_url"": ""https://playpoint.asia/projects/hospitality/bird-paradise-egg-splash/"", ""filename"": ""Bird_Paradise___Egg_Splash_3.jpg"", ""local_path"": ""events_output/outdoor_add/images/Bird_Paradise___Egg_Splash_3.jpg"", ""source_credit"": ""playpoint""}, {""url"": """", ""original_url"": ""https://playpoint.asia/projects/hospitality/bird-paradise-egg-splash/"", ""filename"": ""Bird_Paradise___Egg_Splash_4.jpg"", ""local_path"": ""events_output/outdoor_add/images/Bird_Paradise___Egg_Splash_4.jpg"", ""source_credit"": ""playpoint""}, {""url"": """", ""original_url"": ""https://playpoint.asia/projects/hospitality/bird-paradise-egg-splash/"", ""filename"": ""Bird_Paradise___Egg_Splash_5.jpg"", ""local_path"": ""events_output/outdoor_add/images/Bird_Paradise___Egg_Splash_5.jpg"", ""source_credit"": ""playpoint""}]",335.0,103.7812684,1.4071539,Central Water Catchment,North Region,True,play_hospitality.json
Bird Paradise - Treetop Play,Playpoint,Bird Paradise - Treetop Play for families.,"Bird Paradise Treetop Play offers an immersive experience for families and children. This play area is designed to blend seamlessly with the natural surroundings of Bird Paradise, providing a unique and engaging environment. Kids can explore various play structures, climb, and discover the wonders of nature while parents can relax and enjoy the scenic views. The Treetop Play area aims to promote active play and learning about the environment in a fun and interactive way. It is designed to be family-friendly, ensuring that children of different ages can find something to enjoy. The play area includes elements that encourage physical activity, creativity, and exploration, making it a perfect destination for a family outing. The Treetop Play area is designed to be safe and accessible for children of different ages and abilities.",https://playpoint.asia/projects/hospitality/?filter-country=singapore,activity,https://playpoint.asia/projects/hospitality/?filter-country=singapore,True,Free ,Free (admission to Bird Paradise required),0.0,0.0,0.0,12 years old and below,0.0,12.0,Available daily,"Available daily, 9am – 6pm",1970-01-01T00:00:00,2099-12-31T23:59:00,Bird Paradise,," nature, climb, rope, trampoline, exciting, hammock","20 Mandai Lake Rd, Singapore 729825",Outdoor Playground; Attraction,"[{""url"": ""https://playpoint.asia/wp-content/uploads/Mandai_Treetop_Feat_01.jpg"", ""original_url"": ""https://playpoint.asia/wp-content/uploads/Mandai_Treetop_Feat_01.jpg"", ""filename"": ""336_Bird_Paradise_1.jpg"", ""local_path"": ""events_output/outdoor_add/images/336_Bird_Paradise_1.jpg"", ""source_credit"": ""Playpoint""}, {""url"": """", ""original_url"": ""https://playpoint.asia/projects/hospitality/bird-paradise-treetop-play/"", ""filename"": ""Bird_Paradise___Treetop_Play_2.jpg"", ""local_path"": ""events_output/outdoor_add/images/Bird_Paradise___Treetop_Play_2.jpg"", ""source_credit"": ""playpoint""}, {""url"": """", ""original_url"": ""https://playpoint.asia/projects/hospitality/bird-paradise-treetop-play/"", ""filename"": ""Bird_Paradise___Treetop_Play_3.jpg"", ""local_path"": ""events_output/outdoor_add/images/Bird_Paradise___Treetop_Play_3.jpg"", ""source_credit"": ""playpoint""}, {""url"": """", ""original_url"": """", ""filename"": ""Bird_Paradise___Treetop_Play_4.jpg"", ""local_path"": ""events_output/outdoor_add/images/Bird_Paradise___Treetop_Play_4.jpg"", ""source_credit"": ""User Upload""}, {""url"": """", ""original_url"": ""https://playpoint.asia/projects/hospitality/bird-paradise-treetop-play/"", ""filename"": ""Bird_Paradise___Treetop_Play_5.jpg"", ""local_path"": ""events_output/outdoor_add/images/Bird_Paradise___Treetop_Play_5.jpg"", ""source_credit"": ""playpoint""}]",336.0,103.7812684,1.4071539,Central Water Catchment,North Region,True,play_hospitality.json
Surbana Jurong Campus,Playpoint,Explore the vibrant Surbana Jurong Campus.,"Surbana Jurong Campus offers a dynamic environment with various amenities and green spaces designed for collaboration and relaxation. The campus features modern architecture, recreational facilities, and landscaped gardens, providing a stimulating atmosphere for employees and visitors alike. It's a great place to explore and enjoy a mix of work and leisure. The campus includes open spaces, cafes, and areas for social interaction, making it a family-friendly environment to visit and explore. The campus is designed to promote well-being and creativity, with plenty of areas for children to play and families to spend time together. The facilities are accessible and cater to a diverse range of interests, ensuring a pleasant experience for everyone.",https://playpoint.asia/projects/hospitality/?filter-country=singapore,activity,https://playpoint.asia/projects/hospitality/?filter-country=singapore,True,Free,Free,0.0,0.0,0.0,12 years old and below,0.0,12.0,Available daily,Available daily,1970-01-01T00:00:00,2099-12-31T23:59:00,Surbana Jurong Campus,,"garden, dragon, climb","38 Cleantech Loop, #01-31, Singapore 636741",Outdoor Playground,"[{""url"": ""https://playpoint.asia/wp-content/uploads/SJ_Feat_01.jpg"", ""original_url"": ""https://playpoint.asia/wp-content/uploads/SJ_Feat_01.jpg"", ""filename"": ""337_Surbana_Jurong_Campus_1.jpg"", ""local_path"": ""events_output/outdoor_add/images/337_Surbana_Jurong_Campus_1.jpg"", ""source_credit"": ""Playpoint""}, {""url"": """", ""original_url"": ""https://playpoint.asia/projects/hospitality/surbana-jurong-campus/"", ""filename"": ""Surbana_Jurong_Campus_2.jpg"", ""local_path"": ""events_output/outdoor_add/images/Surbana_Jurong_Campus_2.jpg"", ""source_credit"": ""playpoint""}, {""url"": """", ""original_url"": ""https://playpoint.asia/projects/hospitality/surbana-jurong-campus/"", ""filename"": ""Surbana_Jurong_Campus_3.jpg"", ""local_path"": ""events_output/outdoor_add/images/Surbana_Jurong_Campus_3.jpg"", ""source_credit"": ""playpoint""}]",337.0,103.6914425,1.3530989,Western Water Catchment,West Region,True,play_hospitality.json
Changi Terminal 1 Transit Lounge Playground,Playpoint,A fun playground in Changi Airport Terminal 1.,"Located in the transit lounge of Changi Airport Terminal 1, this playground offers a fun and engaging space for children to play while waiting for their flights. It features various play structures designed to entertain kids of different ages, ensuring they have an enjoyable experience before their journey. The playground provides a safe and stimulating environment where children can burn off energy and have fun. Parents can relax knowing their children are in a secure and well-maintained play area. This facility enhances the overall travel experience for families passing through Changi Airport.",https://playpoint.asia/projects/hospitality/?filter-country=singapore,activity,https://playpoint.asia/projects/hospitality/?filter-country=singapore,True,Free,Free,0.0,0.0,0.0,5 years old and below,0.0,5.0,Available daily,Available daily,1970-01-01T00:00:00,2099-12-31T23:59:00,Changi Airport Terminal 1,,"Airport, board, wall, toddler",Terminal 1,Mall related; Attraction,"[{""url"": ""https://playpoint.asia/wp-content/uploads/ChangiT1_2.jpg"", ""original_url"": ""https://playpoint.asia/wp-content/uploads/ChangiT1_2.jpg"", ""filename"": ""338_Changi_Airport_Terminal_1_1.jpg"", ""local_path"": ""events_output/outdoor_add/images/338_Changi_Airport_Terminal_1_1.jpg"", ""source_credit"": ""Playpoint""}, {""url"": """", ""original_url"": ""https://playpoint.asia/projects/hospitality/changi-terminal-1/"", ""filename"": ""Changi_Terminal_1_Transit_Lounge_Playground_2.jpg"", ""local_path"": ""events_output/outdoor_add/images/Changi_Terminal_1_Transit_Lounge_Playground_2.jpg"", ""source_credit"": ""playpoint""}, {""url"": """", ""original_url"": ""https://playpoint.asia/projects/hospitality/changi-terminal-1/"", ""filename"": ""Changi_Terminal_1_Transit_Lounge_Playground_3.jpg"", ""local_path"": ""events_output/outdoor_add/images/Changi_Terminal_1_Transit_Lounge_Playground_3.jpg"", ""source_credit"": ""playpoint""}, {""url"": """", ""original_url"": ""https://playpoint.asia/projects/hospitality/changi-terminal-1/"", ""filename"": ""Changi_Terminal_1_Transit_Lounge_Playground_4.jpg"", ""local_path"": ""events_output/outdoor_add/images/Changi_Terminal_1_Transit_Lounge_Playground_4.jpg"", ""source_credit"": ""playpoint""}]",338.0,103.9903272,1.3618583,Changi,East Region,True,play_hospitality.json
Changi Airport - T2 Transit,Playpoint,Play area at Changi Airport Terminal 2 Transit.,"The Changi Airport - T2 Transit features a play area designed for children to enjoy before or after their flights. This area provides a safe and engaging environment for kids to burn off energy with various play structures and interactive elements. It is an ideal spot for families looking to entertain their children while traveling. The play area includes soft play equipment, climbing structures, and interactive games suitable for toddlers and older children. Parents can relax knowing their kids are in a secure and fun environment. This transit play area ensures a pleasant travel experience for families.",https://playpoint.asia/projects/hospitality/?filter-country=singapore,activity,https://playpoint.asia/projects/hospitality/?filter-country=singapore,True,Free,Free,0.0,0.0,0.0,6 to 12 years old,6.0,12.0,Available daily,Available daily,1970-01-01T00:00:00,2099-12-31T23:59:00,Changi Airport Terminal 2,,"Airport, transit, bear, slide, balance",Changi Airport Terminal 2,Attraction; Mall related,"[{""url"": ""https://playpoint.asia/wp-content/uploads/Changi-T2-Transit_Feat_01-1.jpg"", ""original_url"": ""https://playpoint.asia/wp-content/uploads/Changi-T2-Transit_Feat_01-1.jpg"", ""filename"": ""339_Changi_Airport_T2_1.jpg"", ""local_path"": ""events_output/outdoor_add/images/339_Changi_Airport_T2_1.jpg"", ""source_credit"": ""Playpoint""}, {""url"": """", ""original_url"": ""https://playpoint.asia/projects/hospitality/changi-airport-t2-transit/"", ""filename"": ""Changi_Airport___T2_Transit_2.jpg"", ""local_path"": ""events_output/outdoor_add/images/Changi_Airport___T2_Transit_2.jpg"", ""source_credit"": ""playpoint""}]",339.0,103.9891719,1.3553534,Changi,East Region,True,play_hospitality.json
The Quad at American Club,Playpoint Asia,Venue at American Club.,"The Quad at American Club is a recreational space designed for families and members of the American Club. It likely features various amenities and activities suitable for different age groups, providing a venue for social gatherings, sports, and relaxation. It offers a family-friendly environment with facilities for both adults and children, promoting community engagement and active lifestyles. The space may include play areas, sports courts, and dining options, catering to diverse interests and needs. It serves as a hub for club members to connect and enjoy leisure activities together.",https://playpoint.asia/projects/hospitality/?filter-country=singapore,activity,https://playpoint.asia/projects/hospitality/?filter-country=singapore,True,Free,Free (members only),0.0,0.0,0.0,12 years old and below,0.0,12.0,Available daily,"Available daily, 12pm - 10pm",1970-01-01T00:00:00,2099-12-31T23:59:00,American Club,,"members, slide","10 Claymore Hl, Singapore 229573",Indoor Playground,"[{""url"": ""https://playpoint.asia/wp-content/uploads/TheQuad_Feat_01.jpg"", ""original_url"": ""https://playpoint.asia/wp-content/uploads/TheQuad_Feat_01.jpg"", ""filename"": ""340_American_Club_1.jpg"", ""local_path"": ""events_output/outdoor_add/images/340_American_Club_1.jpg"", ""source_credit"": ""Playpoint Asia""}]",340.0,103.83220039999999,1.3084609,Newton,Central Region,True,play_hospitality.json
Splash at Shangri-La,Playpoint,Play venue at Shangri-La,"Make a splash at Splash @ Shangri-La Singapore, the ultimate water play paradise for families. Spanning over 1,300 square metres, this vibrant water playground is packed with fun for kids of all ages — and relaxation for parents too. The centrepiece is a whimsical pirate ship complete with slides, water cannons, and tipping buckets that send waves of excitement across the play zone. Around it, little adventurers can race down slides, weave through water jets, and float lazily along the mini river, while toddlers enjoy gentle wading pools designed with safety and exploration in mind. Every detail, from the soft flooring to the shaded rest zones, ensures that playtime is as safe as it is exciting. Surrounded by lush tropical greenery, Splash feels like a private resort adventure right in the city — where parents can unwind on sun loungers while keeping an eye on their young explorers. Families can also pair their water play with access to buds by Shangri-La, the hotel’s indoor play haven, for a full day of excitement and creativity. With its thoughtfully designed play areas, friendly lifeguards, and welcoming atmosphere, Splash @ Shangri-La transforms ordinary weekends into unforgettable family memories. Whether you’re staying at the hotel or visiting for a day pass, this urban oasis promises laughter, bonding, and the kind of fun that keeps kids happily splashing for hours.",https://playpoint.asia/projects/hospitality/?filter-country=singapore,activity,https://playpoint.asia/projects/hospitality/?filter-country=singapore,True,Free,Free 1 playtime session per night of stay,0.0,0.0,0.0,12 years old and below,0.0,12.0,Available daily,"Available daily, 9am – 1.30pm & 2pm – 6.30pm",1970-01-01T00:00:00,2099-12-31T23:59:00,Shangri-La,Water play,"hotel, water, wet, pirate, stream, bucket, slide, fountain, spray","22 Orange Grove Rd, Singapore 258350",Outdoor Playground,"[{""url"": """", ""original_url"": ""https://playpoint.asia/projects/hospitality/buds-by-shangri-la/"", ""filename"": ""Splash_at_Shangri_La_1.jpg"", ""local_path"": ""events_output/outdoor_add/images/user_uploads/Splash_at_Shangri_La_1.jpg"", ""source_credit"": ""playpoint""}, {""url"": """", ""original_url"": ""https://playpoint.asia/projects/hospitality/buds-by-shangri-la/"", ""filename"": ""Splash_at_Shangri_La_2.jpg"", ""local_path"": ""events_output/outdoor_add/images/user_uploads/Splash_at_Shangri_La_2.jpg"", ""source_credit"": ""playpoint""}, {""url"": """", ""original_url"": ""https://playpoint.asia/projects/hospitality/buds-by-shangri-la/"", ""filename"": ""Splash_at_Shangri_La_3.jpg"", ""local_path"": ""events_output/outdoor_add/images/user_uploads/Splash_at_Shangri_La_3.jpg"", ""source_credit"": ""playpoint""}]",343.0,103.8264894,1.310965,Tanglin,Central Region,True,play_hospitality.json
The Chandelier Net Playground,Playpoint,Net playground for climbing and interactive play.,The Chandelier Net Playground offers a unique climbing experience for children. This innovative play structure features interconnected net systems that allow kids to explore and challenge themselves physically. The playground encourages interactive play and helps develop coordination and motor skills in a safe and engaging environment. It's designed to provide hours of fun and active entertainment for families.,https://playpoint.asia/projects/hospitality/?filter-country=singapore,activity,https://playpoint.asia/projects/hospitality/?filter-country=singapore,True,Free,Free,0.0,10.0,99.0,6 to 12 years old,6.0,12.0,Available daily,Available daily,1970-01-01T00:00:00,2099-12-31T23:59:00,The Chandelier Net Playground,,"Net , climb, airport","Airport Blvd., Terminal 4, Singapore 819665",Outdoor Playground,"[{""url"": ""https://playpoint.asia/wp-content/uploads/T4_038.jpg"", ""original_url"": ""https://playpoint.asia/wp-content/uploads/T4_038.jpg"", ""filename"": ""344_Changi_Airport_1.jpg"", ""local_path"": ""events_output/outdoor_add/images/344_Changi_Airport_1.jpg"", ""source_credit"": ""Playpoint""}, {""url"": """", ""original_url"": ""https://playpoint.asia/projects/hospitality/the-chandelier-net-playground/"", ""filename"": ""The_Chandelier_Net_Playground_2.jpg"", ""local_path"": ""events_output/outdoor_add/images/The_Chandelier_Net_Playground_2.jpg"", ""source_credit"": ""playpoint""}, {""url"": """", ""original_url"": ""https://playpoint.asia/projects/hospitality/the-chandelier-net-playground/"", ""filename"": ""The_Chandelier_Net_Playground_3.jpg"", ""local_path"": ""events_output/outdoor_add/images/The_Chandelier_Net_Playground_3.jpg"", ""source_credit"": ""playpoint""}]",344.0,103.9841453,1.3399075,Changi,East Region,True,play_hospitality.json
Fidget Climber at Changi Airport Terminal 3,Playpoint,Playpoint's Fidget Climber at Changi Airport T3.,"The Fidget Climber is an innovative play structure designed to engage children in active play while waiting at the airport. It features a variety of climbing elements, slides, and interactive components that promote physical activity and exploration. The structure is designed with safety in mind, using durable materials and soft padding to ensure a safe play environment for children of all ages. It provides a fun and engaging way for kids to burn off energy and stay entertained while traveling. The climber is suitable for children aged 3 and above, offering a range of challenges to suit different skill levels. Parents can relax knowing their children are in a safe and stimulating environment.",https://playpoint.asia/projects/hospitality/?filter-country=singapore,activity,https://playpoint.asia/projects/hospitality/?filter-country=singapore,True,Free,Free,0.0,0.0,0.0,3 years and above,3.0,99.0,Available daily,Available daily,1970-01-01T00:00:00,2099-12-31T23:59:00,Changi Airport Terminal 3,,"Airport, climb, spinner, slide",Terminal 3,Outdoor Playground; Mall related; Attraction,"[{""url"": ""https://playpoint.asia/wp-content/uploads/T3_042.jpg"", ""original_url"": ""https://playpoint.asia/wp-content/uploads/T3_042.jpg"", ""filename"": ""345_Changi_Airport_Terminal_3_1.jpg"", ""local_path"": ""events_output/outdoor_add/images/345_Changi_Airport_Terminal_3_1.jpg"", ""source_credit"": ""Playpoint""}, {""url"": """", ""original_url"": ""https://playpoint.asia/projects/hospitality/fidget-climber-at-changi-airport-terminal-3/"", ""filename"": ""Fidget_Climber_at_Changi_Airport_Terminal_3_2.jpg"", ""local_path"": ""events_output/outdoor_add/images/Fidget_Climber_at_Changi_Airport_Terminal_3_2.jpg"", ""source_credit"": ""playpoint""}, {""url"": """", ""original_url"": ""https://playpoint.asia/projects/hospitality/fidget-climber-at-changi-airport-terminal-3/"", ""filename"": ""Fidget_Climber_at_Changi_Airport_Terminal_3_3.jpg"", ""local_path"": ""events_output/outdoor_add/images/Fidget_Climber_at_Changi_Airport_Terminal_3_3.jpg"", ""source_credit"": ""playpoint""}, {""url"": """", ""original_url"": ""https://playpoint.asia/projects/hospitality/fidget-climber-at-changi-airport-terminal-3/"", ""filename"": ""Fidget_Climber_at_Changi_Airport_Terminal_3_4.jpg"", ""local_path"": ""events_output/outdoor_add/images/Fidget_Climber_at_Changi_Airport_Terminal_3_4.jpg"", ""source_credit"": ""playpoint""}, {""url"": """", ""original_url"": ""https://playpoint.asia/projects/hospitality/fidget-climber-at-changi-airport-terminal-3/"", ""filename"": ""Fidget_Climber_at_Changi_Airport_Terminal_3_5.jpg"", ""local_path"": ""events_output/outdoor_add/images/Fidget_Climber_at_Changi_Airport_Terminal_3_5.jpg"", ""source_credit"": ""playpoint""}]",345.0,103.9865064,1.3562695999999999,Changi,East Region,True,play_hospitality.json
Singapore Sports Hub: Splash-n-Turf,Playpoint,"A vibrant hub with sports, entertainment, and recreation.","Singapore Sports Hub is an integrated sports, entertainment and lifestyle hub. It offers a wide range of facilities, including a stadium, aquatic centre, water sports centre, and various recreational areas. Families can enjoy various activities such as swimming, water play, and sports events. The venue is designed to cater to all ages and interests, making it a perfect destination for a family day out. The Sports Hub also hosts numerous events throughout the year, providing entertainment and engagement for the community. It is a great place for kids to engage in physical activities and enjoy the outdoors. The hub also features dining and retail options, ensuring a complete experience for visitors.",https://playpoint.asia/projects/hospitality/?filter-country=singapore,activity,https://playpoint.asia/projects/hospitality/?filter-country=singapore,True,Free,Free,0.0,0.0,0.0,12 years old and below,0.0,12.0,Available daily (except Tue),"Available daily (except Tue), 9am - 8pm",1970-01-01T00:00:00,2099-12-31T23:59:00,Singapore Sports Hub,Water play,"swim, splash, wet, water, park, slide, swing","1 Stadium Dr, #02-01 National Stadium, Singapore 397629",Attraction,"[{""url"": ""https://playpoint.asia/wp-content/uploads/sports-hub-waterplay-feature.jpg"", ""original_url"": ""https://playpoint.asia/wp-content/uploads/sports-hub-waterplay-feature.jpg"", ""filename"": ""347_Singapore_Sports_Hub_1.jpg"", ""local_path"": ""events_output/outdoor_add/images/347_Singapore_Sports_Hub_1.jpg"", ""source_credit"": ""Playpoint""}, {""url"": """", ""original_url"": ""https://playpoint.asia/projects/hospitality/singapore-sports-hub/"", ""filename"": ""Singapore_Sports_Hub__Splash_n_Turf_2.jpg"", ""local_path"": ""events_output/outdoor_add/images/Singapore_Sports_Hub__Splash_n_Turf_2.jpg"", ""source_credit"": ""playpoint""}, {""url"": """", ""original_url"": ""https://playpoint.asia/projects/hospitality/singapore-sports-hub/"", ""filename"": ""Singapore_Sports_Hub__Splash_n_Turf_3.jpg"", ""local_path"": ""events_output/outdoor_add/images/Singapore_Sports_Hub__Splash_n_Turf_3.jpg"", ""source_credit"": ""playpoint""}, {""url"": """", ""original_url"": ""https://playpoint.asia/projects/hospitality/singapore-sports-hub/"", ""filename"": ""Singapore_Sports_Hub__Splash_n_Turf_4.jpg"", ""local_path"": ""events_output/outdoor_add/images/Singapore_Sports_Hub__Splash_n_Turf_4.jpg"", ""source_credit"": ""playpoint""}, {""url"": """", ""original_url"": ""https://playpoint.asia/projects/hospitality/singapore-sports-hub/"", ""filename"": ""Singapore_Sports_Hub__Splash_n_Turf_5.jpg"", ""local_path"": ""events_output/outdoor_add/images/Singapore_Sports_Hub__Splash_n_Turf_5.jpg"", ""source_credit"": ""playpoint""}]",347.0,103.87433209999999,1.3044376,Kallang,Central Region,True,play_hospitality.json
Our Tampines Hub L2,Playpoint Asia,A vibrant community hub in the heart of Tampines.,"Our Tampines Hub is Singapore’s first integrated community and lifestyle hub, bringing together a variety of sports, arts, and recreational facilities under one roof. It features a regional library, swimming pools, a hawker centre, and numerous retail outlets. Families can enjoy the playground, sports hall, and various community events held throughout the year. It's a great place for families to spend quality time together, engaging in diverse activities that cater to all ages and interests. The hub aims to foster community bonds and promote an active and healthy lifestyle for residents.",https://playpoint.asia/projects/hospitality/?filter-country=singapore,activity,https://playpoint.asia/projects/hospitality/?filter-country=singapore,True,Free,Free,0.0,0.0,0.0,6 years old and below,0.0,6.0,Available daily,Available daily,1970-01-01T00:00:00,2099-12-31T23:59:00,Our Tampines Hub,,"community, OTH, toddler, slide, merry-go-round, trampoline, swing","1 Tampines Walk, Singapore 528523",Outdoor Playground; Mall related,"[{""url"": ""https://playpoint.asia/wp-content/uploads/feat.jpg"", ""original_url"": ""https://playpoint.asia/wp-content/uploads/feat.jpg"", ""filename"": ""348_Our_Tampines_Hub_1.jpg"", ""local_path"": ""events_output/outdoor_add/images/348_Our_Tampines_Hub_1.jpg"", ""source_credit"": ""Playpoint Asia""}, {""url"": """", ""original_url"": ""https://playpoint.asia/projects/hospitality/our-tampines-hub/"", ""filename"": ""Our_Tampines_Hub_2.jpg"", ""local_path"": ""events_output/outdoor_add/images/Our_Tampines_Hub_2.jpg"", ""source_credit"": ""playpoint""}, {""url"": """", ""original_url"": ""https://playpoint.asia/projects/hospitality/our-tampines-hub/"", ""filename"": ""Our_Tampines_Hub_3.jpg"", ""local_path"": ""events_output/outdoor_add/images/Our_Tampines_Hub_3.jpg"", ""source_credit"": ""playpoint""}, {""url"": """", ""original_url"": ""https://playpoint.asia/projects/hospitality/our-tampines-hub/"", ""filename"": ""Our_Tampines_Hub_4.jpg"", ""local_path"": ""events_output/outdoor_add/images/Our_Tampines_Hub_4.jpg"", ""source_credit"": ""playpoint""}, {""url"": """", ""original_url"": ""https://playpoint.asia/projects/hospitality/our-tampines-hub/"", ""filename"": ""Our_Tampines_Hub_5.jpg"", ""local_path"": ""events_output/outdoor_add/images/Our_Tampines_Hub_5.jpg"", ""source_credit"": ""playpoint""}]",348.0,103.9396416,1.3528162,Tampines,East Region,True,play_hospitality.json
212A Bidadari Park Nature Play Area,Landscape Structures Inc,Nature-inspired play structures at Bidadari Park.,"The 212A Bidadari Park features a nature-inspired play area integrates natural elements and innovative play structures to create an engaging and stimulating environment for children. The park's design encourages imaginative play, physical activity, and exploration of the natural world. With a focus on safety and accessibility, the play area provides a welcoming space for children of all ages and abilities to connect with nature and develop their physical and social skills. The integration of natural materials and thoughtful design makes this play area a unique and valuable asset to the community.",https://www.retromax.asia/projects,activity,https://www.retromax.asia/projects,True,Free,Free,0.0,0.0,0.0,12 years old and below,0.0,12.0,Available daily,Available daily,1970-01-01T00:00:00,2099-12-31T23:59:00,Bidadari Park,,"Nature, Park, ride, climb, rope, balance",Bidadari Park Dr,Outdoor Playground,"[{""url"": """", ""original_url"": ""https://www.retromax.asia/projects"", ""filename"": ""212A_Bidadari_Park_Nature_Play_Area_1.jpg"", ""local_path"": ""events_output/outdoor_add/images/user_uploads/212A_Bidadari_Park_Nature_Play_Area_1.jpg"", ""source_credit"": ""retromax""}, {""url"": """", ""original_url"": ""https://www.retromax.asia/projects"", ""filename"": ""212A_Bidadari_Park_Nature_Play_Area_2.jpg"", ""local_path"": ""events_output/outdoor_add/images/user_uploads/212A_Bidadari_Park_Nature_Play_Area_2.jpg"", ""source_credit"": ""retromax""}, {""url"": """", ""original_url"": ""https://www.retromax.asia/projects"", ""filename"": ""212A_Bidadari_Park_Nature_Play_Area_3.jpg"", ""local_path"": ""events_output/outdoor_add/images/user_uploads/212A_Bidadari_Park_Nature_Play_Area_3.jpg"", ""source_credit"": ""retromax""}]",387.0,103.8743756,1.3406854,Toa Payoh,Central Region,True,retromax.json
214C Bidadari Park Playground and Landscape Design,RetroMax,Playground and landscape design at Bidadari Park.,"The playground and landscape design at 214C Bidadari Park features innovative play structures and thoughtful landscaping to create a vibrant and engaging space for children and families. The design incorporates natural elements and modern play equipment to encourage exploration, creativity, and physical activity. The park aims to provide a safe and stimulating environment where children can develop their social, emotional, and cognitive skills through play. The landscape design complements the play areas, creating a harmonious and visually appealing space for all visitors to enjoy. It is designed to be family-friendly and inclusive.",https://www.retromax.asia/projects,activity,https://www.retromax.asia/projects,True,Free,Free,0.0,0.0,0.0,12 years old and below,0.0,12.0,Available daily,Available daily,1970-01-01T00:00:00,2099-12-31T23:59:00,Bidadari Park,,"park, slide, nature",Bidadari Park Dr,Outdoor Playground,"[{""url"": ""https://static.wixstatic.com/media/01f072_27e0ac3ddb6349d5ba68f35f7b9d9622~mv2.jpg/v1/fit/w_960,h_640,q_90,enc_avif,quality_auto/01f072_27e0ac3ddb6349d5ba68f35f7b9d9622~mv2.jpg"", ""original_url"": ""https://static.wixstatic.com/media/01f072_27e0ac3ddb6349d5ba68f35f7b9d9622~mv2.jpg/v1/fit/w_960,h_640,q_90,enc_avif,quality_auto/01f072_27e0ac3ddb6349d5ba68f35f7b9d9622~mv2.jpg"", ""filename"": ""214C_Bidadari_Park_Playground_and_Landscape_Design_1.jpg"", ""local_path"": ""events_output/outdoor_add/images/214C_Bidadari_Park_Playground_and_Landscape_Design_1.jpg"", ""source_credit"": ""RetroMax""}, {""url"": ""https://static.wixstatic.com/media/01f072_93d5817413124364bf109bf8a008bd80~mv2.jpg/v1/fit/w_960,h_640,q_90,enc_avif,quality_auto/01f072_93d5817413124364bf109bf8a008bd80~mv2.jpg"", ""original_url"": ""https://static.wixstatic.com/media/01f072_93d5817413124364bf109bf8a008bd80~mv2.jpg/v1/fit/w_960,h_640,q_90,enc_avif,quality_auto/01f072_93d5817413124364bf109bf8a008bd80~mv2.jpg"", ""filename"": ""214C_Bidadari_Park_Playground_and_Landscape_Design_2.jpg"", ""local_path"": ""events_output/outdoor_add/images/214C_Bidadari_Park_Playground_and_Landscape_Design_2.jpg"", ""source_credit"": ""RetroMax""}, {""url"": ""https://static.wixstatic.com/media/01f072_6286856c4e35418fb09f317bf744dcdf~mv2.jpg/v1/fit/w_480,h_639,q_90,enc_avif,quality_auto/01f072_6286856c4e35418fb09f317bf744dcdf~mv2.jpg"", ""original_url"": ""https://static.wixstatic.com/media/01f072_6286856c4e35418fb09f317bf744dcdf~mv2.jpg/v1/fit/w_480,h_639,q_90,enc_avif,quality_auto/01f072_6286856c4e35418fb09f317bf744dcdf~mv2.jpg"", ""filename"": ""214C_Bidadari_Park_Playground_and_Landscape_Design_3.jpg"", ""local_path"": ""events_output/outdoor_add/images/214C_Bidadari_Park_Playground_and_Landscape_Design_3.jpg"", ""source_credit"": ""RetroMax""}, {""url"": ""https://static.wixstatic.com/media/01f072_92dd9ecd9d724d9190fa96cc60fb0bac~mv2.jpg/v1/fit/w_960,h_640,q_90,enc_avif,quality_auto/01f072_92dd9ecd9d724d9190fa96cc60fb0bac~mv2.jpg"", ""original_url"": ""https://static.wixstatic.com/media/01f072_92dd9ecd9d724d9190fa96cc60fb0bac~mv2.jpg/v1/fit/w_960,h_640,q_90,enc_avif,quality_auto/01f072_92dd9ecd9d724d9190fa96cc60fb0bac~mv2.jpg"", ""filename"": ""214C_Bidadari_Park_Playground_and_Landscape_Design_4.jpg"", ""local_path"": ""events_output/outdoor_add/images/214C_Bidadari_Park_Playground_and_Landscape_Design_4.jpg"", ""source_credit"": ""RetroMax""}]",389.0,103.8743756,1.3406854,Toa Payoh,Central Region,True,retromax.json
992A Jurong West Jewel Outdoor Playground,Landscape Structures Inc,Explore the Alpha Link Towers at Jurong West Jewel.,"This outdoor playground features the innovative Alpha Link Towers, providing a unique and engaging play experience for children. The structure encourages climbing, exploration, and social interaction in a safe and stimulating environment. Perfect for families looking for a fun and active outing, this playground offers a variety of activities to keep kids entertained and physically active. The playground is designed to promote physical development and imaginative play, making it a great destination for children of all ages and abilities. It's a fantastic place for kids to burn off energy and have fun.",https://www.retromax.asia/projects,activity,https://www.retromax.asia/projects,True,Free,Free,0.0,0.0,0.0,12 years old and below,0.0,12.0,Available daily,Available daily,1970-01-01T00:00:00,2099-12-31T23:59:00,Jurong West Jewel,,"swing, slide, see-saw, neighborhood, neighbourhood","991A Upper Jurong Rd, Singapore 631991",Outdoor Playground,"[{""url"": ""https://static.wixstatic.com/media/01f072_eb1559352ba7496880aad76118f47049~mv2.jpg/v1/fit/w_562,h_374,q_90,enc_avif,quality_auto/01f072_eb1559352ba7496880aad76118f47049~mv2.jpg"", ""original_url"": ""https://static.wixstatic.com/media/01f072_eb1559352ba7496880aad76118f47049~mv2.jpg/v1/fit/w_562,h_374,q_90,enc_avif,quality_auto/01f072_eb1559352ba7496880aad76118f47049~mv2.jpg"", ""filename"": ""392_992A_Jurong_West_Jewel_1.jpg"", ""local_path"": ""events_output/outdoor_add/images/392_992A_Jurong_West_Jewel_1.jpg"", ""source_credit"": ""Landscape Structures Inc""}, {""url"": """", ""original_url"": ""https://www.retromax.asia/projects"", ""filename"": ""992A_Jurong_West_Jewel_Outdoor_Playground_2.jpg"", ""local_path"": ""events_output/outdoor_add/images/992A_Jurong_West_Jewel_Outdoor_Playground_2.jpg"", ""source_credit"": ""retromax""}, {""url"": """", ""original_url"": ""https://www.retromax.asia/projects"", ""filename"": ""992A_Jurong_West_Jewel_Outdoor_Playground_3.jpg"", ""local_path"": ""events_output/outdoor_add/images/992A_Jurong_West_Jewel_Outdoor_Playground_3.jpg"", ""source_credit"": ""retromax""}, {""url"": """", ""original_url"": ""https://www.retromax.asia/projects"", ""filename"": ""992A_Jurong_West_Jewel_Outdoor_Playground_4.jpg"", ""local_path"": ""events_output/outdoor_add/images/992A_Jurong_West_Jewel_Outdoor_Playground_4.jpg"", ""source_credit"": ""retromax""}]",392.0,103.6923405,1.3351369,Jurong West,West Region,True,retromax.json
459 Sengkang West Way Playground,Landscape Structures Inc,"Play area with PlayBooster, Weevos, and HealthBeat.","This playground at 459 Sengkang West Way features a variety of play equipment from Landscape Structures Inc, including the PlayBooster system, Weevos structure, and HealthBeat outdoor fitness equipment. It offers a range of activities suitable for children of different ages and abilities, promoting physical activity and social interaction in a safe and engaging environment. The playground is designed to encourage active play and healthy lifestyles for families and children in the community, with inclusive elements.",https://www.retromax.asia/projects,activity,https://www.retromax.asia/projects,True,Free,Free,0.0,0.0,0.0,12 years old and below,0.0,12.0,Available daily,Available daily,1970-01-01T00:00:00,1970-01-01T00:00:00,Sengkang West Way,,"nature, tree, slide, sensory, hammock, swing",Sengkang W Wy,Outdoor Playground,"[{""url"": ""https://static.wixstatic.com/media/01f072_b40f6c9deff54d2db2427569ac2ed1b3~mv2.jpg/v1/fit/w_562,h_374,q_90,enc_avif,quality_auto/01f072_b40f6c9deff54d2db2427569ac2ed1b3~mv2.jpg"", ""original_url"": ""https://static.wixstatic.com/media/01f072_b40f6c9deff54d2db2427569ac2ed1b3~mv2.jpg/v1/fit/w_562,h_374,q_90,enc_avif,quality_auto/01f072_b40f6c9deff54d2db2427569ac2ed1b3~mv2.jpg"", ""filename"": ""394_Sengkang_West_Way_Playground_1.jpg"", ""local_path"": ""events_output/outdoor_add/images/394_Sengkang_West_Way_Playground_1.jpg"", ""source_credit"": ""Landscape Structures Inc""}, {""url"": ""https://static.wixstatic.com/media/01f072_480cdd02d5ab414d9b69b3937dc31819~mv2.jpg/v1/fit/w_562,h_374,q_90,enc_avif,quality_auto/01f072_480cdd02d5ab414d9b69b3937dc31819~mv2.jpg"", ""original_url"": ""https://static.wixstatic.com/media/01f072_480cdd02d5ab414d9b69b3937dc31819~mv2.jpg/v1/fit/w_562,h_374,q_90,enc_avif,quality_auto/01f072_480cdd02d5ab414d9b69b3937dc31819~mv2.jpg"", ""filename"": ""394_Sengkang_West_Way_Playground_2.jpg"", ""local_path"": ""events_output/outdoor_add/images/394_Sengkang_West_Way_Playground_2.jpg"", ""source_credit"": ""Landscape Structures Inc""}, {""url"": ""https://static.wixstatic.com/media/01f072_92063f0700a343aca54060961c763283~mv2.jpg/v1/fit/w_562,h_374,q_90,enc_avif,quality_auto/01f072_92063f0700a343aca54060961c763283~mv2.jpg"", ""original_url"": ""https://static.wixstatic.com/media/01f072_92063f0700a343aca54060961c763283~mv2.jpg/v1/fit/w_562,h_374,q_90,enc_avif,quality_auto/01f072_92063f0700a343aca54060961c763283~mv2.jpg"", ""filename"": ""394_Sengkang_West_Way_Playground_3.jpg"", ""local_path"": ""events_output/outdoor_add/images/394_Sengkang_West_Way_Playground_3.jpg"", ""source_credit"": ""Landscape Structures Inc""}, {""url"": ""https://static.wixstatic.com/media/01f072_2c9cee63acc14a92b73433c962b66032~mv2.jpg/v1/fit/w_562,h_374,q_90,enc_avif,quality_auto/01f072_2c9cee63acc14a92b73433c962b66032~mv2.jpg"", ""original_url"": ""https://static.wixstatic.com/media/01f072_2c9cee63acc14a92b73433c962b66032~mv2.jpg/v1/fit/w_562,h_374,q_90,enc_avif,quality_auto/01f072_2c9cee63acc14a92b73433c962b66032~mv2.jpg"", ""filename"": ""394_Sengkang_West_Way_Playground_4.jpg"", ""local_path"": ""events_output/outdoor_add/images/394_Sengkang_West_Way_Playground_4.jpg"", ""source_credit"": ""Landscape Structures Inc""}, {""url"": ""https://static.wixstatic.com/media/1a009e_73103df7b0b34859a2a6bdebb987d262~mv2.jpg/v1/fit/w_562,h_374,q_90,enc_avif,quality_auto/1a009e_73103df7b0b34859a2a6bdebb987d262~mv2.jpg"", ""original_url"": ""https://static.wixstatic.com/media/1a009e_73103df7b0b34859a2a6bdebb987d262~mv2.jpg/v1/fit/w_562,h_374,q_90,enc_avif,quality_auto/1a009e_73103df7b0b34859a2a6bdebb987d262~mv2.jpg"", ""filename"": ""394_Sengkang_West_Way_Playground_5.jpg"", ""local_path"": ""events_output/outdoor_add/images/394_Sengkang_West_Way_Playground_5.jpg"", ""source_credit"": ""Landscape Structures Inc""}, {""url"": """", ""original_url"": ""https://www.retromax.asia/projects"", ""filename"": ""459_Sengkang_West_Way_Playground_6.jpg"", ""local_path"": ""events_output/outdoor_add/images/459_Sengkang_West_Way_Playground_6.jpg"", ""source_credit"": ""retromax""}]",394.0,103.8771791,1.3953829,Sengkang,North-East Region,True,retromax.json
Garden Vale @ Tengah,RetroMax,Playground equipment and outdoor fitness.,"Garden Vale @ Tengah features innovative playground equipment, designed to encourage physical activity and imaginative play for children of all ages. These structures provide a safe and engaging environment for kids to develop their motor skills and social interaction. The playgrounds are designed with family-friendly features, ensuring that parents can also enjoy the space while supervising their children. The equipment is suitable for various outdoor settings, including parks, schools, and community centers, promoting a healthy and active lifestyle for families.",https://www.retromax.asia/projects,activity,https://www.retromax.asia/projects,True,Free,Free,0.0,0.0,0.0,12 years old and below,0.0,12.0,Available daily,Available daily,1970-01-01T00:00:00,2099-12-31T23:59:00,Garden Vale @ Tengah,,"merry-go-round, slide, neighborhood, neighbourhood","230B Tengah Dr, Singapore 692230",Outdoor Playground,"[{""url"": ""https://static.wixstatic.com/media/01f072_b40f6c9deff54d2db2427569ac2ed1b3~mv2.jpg/v1/fit/w_562,h_374,q_90,enc_avif,quality_auto/01f072_b40f6c9deff54d2db2427569ac2ed1b3~mv2.jpg"", ""original_url"": ""https://static.wixstatic.com/media/01f072_b40f6c9deff54d2db2427569ac2ed1b3~mv2.jpg/v1/fit/w_562,h_374,q_90,enc_avif,quality_auto/01f072_b40f6c9deff54d2db2427569ac2ed1b3~mv2.jpg"", ""filename"": ""396_Garden_Vale_Tengah_1.jpg"", ""local_path"": ""events_output/outdoor_add/images/396_Garden_Vale_Tengah_1.jpg"", ""source_credit"": ""RetroMax""}, {""url"": ""https://static.wixstatic.com/media/01f072_480cdd02d5ab414d9b69b3937dc31819~mv2.jpg/v1/fit/w_562,h_374,q_90,enc_avif,quality_auto/01f072_480cdd02d5ab414d9b69b3937dc31819~mv2.jpg"", ""original_url"": ""https://static.wixstatic.com/media/01f072_480cdd02d5ab414d9b69b3937dc31819~mv2.jpg/v1/fit/w_562,h_374,q_90,enc_avif,quality_auto/01f072_480cdd02d5ab414d9b69b3937dc31819~mv2.jpg"", ""filename"": ""396_Garden_Vale_Tengah_2.jpg"", ""local_path"": ""events_output/outdoor_add/images/396_Garden_Vale_Tengah_2.jpg"", ""source_credit"": ""RetroMax""}, {""url"": ""https://static.wixstatic.com/media/01f072_92063f0700a343aca54060961c763283~mv2.jpg/v1/fit/w_562,h_374,q_90,enc_avif,quality_auto/01f072_92063f0700a343aca54060961c763283~mv2.jpg"", ""original_url"": ""https://static.wixstatic.com/media/01f072_92063f0700a343aca54060961c763283~mv2.jpg/v1/fit/w_562,h_374,q_90,enc_avif,quality_auto/01f072_92063f0700a343aca54060961c763283~mv2.jpg"", ""filename"": ""396_Garden_Vale_Tengah_3.jpg"", ""local_path"": ""events_output/outdoor_add/images/396_Garden_Vale_Tengah_3.jpg"", ""source_credit"": ""RetroMax""}, {""url"": ""https://static.wixstatic.com/media/01f072_2c9cee63acc14a92b73433c962b66032~mv2.jpg/v1/fit/w_562,h_374,q_90,enc_avif,quality_auto/01f072_2c9cee63acc14a92b73433c962b66032~mv2.jpg"", ""original_url"": ""https://static.wixstatic.com/media/01f072_2c9cee63acc14a92b73433c962b66032~mv2.jpg/v1/fit/w_562,h_374,q_90,enc_avif,quality_auto/01f072_2c9cee63acc14a92b73433c962b66032~mv2.jpg"", ""filename"": ""396_Garden_Vale_Tengah_4.jpg"", ""local_path"": ""events_output/outdoor_add/images/396_Garden_Vale_Tengah_4.jpg"", ""source_credit"": ""RetroMax""}, {""url"": ""https://static.wixstatic.com/media/1a009e_73103df7b0b34859a2a6bdebb987d262~mv2.jpg/v1/fit/w_562,h_374,q_90,enc_avif,quality_auto/1a009e_73103df7b0b34859a2a6bdebb987d262~mv2.jpg"", ""original_url"": ""https://static.wixstatic.com/media/1a009e_73103df7b0b34859a2a6bdebb987d262~mv2.jpg/v1/fit/w_562,h_374,q_90,enc_avif,quality_auto/1a009e_73103df7b0b34859a2a6bdebb987d262~mv2.jpg"", ""filename"": ""396_Garden_Vale_Tengah_5.jpg"", ""local_path"": ""events_output/outdoor_add/images/396_Garden_Vale_Tengah_5.jpg"", ""source_credit"": ""RetroMax""}]",396.0,103.7327146,1.3588852999999999,Tengah,West Region,True,retromax.json
Punggol Point Woods Playground by RetroMax Asia,RetroMax Asia,Featuring Landscape Structures Inc Custom Play Equipment.,"The Punggol Point Woods playground features custom play equipment from Landscape Structures Inc. This unique playground offers a variety of engaging and challenging activities for children of different ages and abilities, promoting physical activity, social interaction, and imaginative play in a natural and stimulating environment. The custom design integrates seamlessly with the surrounding landscape, creating a family-friendly space where parents and children can play together and enjoy the outdoors.",https://www.retromax.asia/projects,activity,https://www.retromax.asia/projects,True,Free,Free,0.0,0.0,0.0,12 years old and below,0.0,12.0,Available daily,Available daily,1970-01-01T00:00:00,2099-12-31T23:59:00,Punggol Point Woods,,"bear, slide, hippo, trampoline, hippopotamus, see-saw, giraffe, zebra, toddler, neighborhood, neighbourhood, safari, animal","433B Northshore Dr, Singapore 822433",Outdoor Playground,"[{""url"": ""https://static.wixstatic.com/media/26905f_fbf4895b83a345d0bdc38ac075bf78f7~mv2.jpg/v1/fit/w_562,h_374,q_90,enc_avif,quality_auto/26905f_fbf4895b83a345d0bdc38ac075bf78f7~mv2.jpg"", ""original_url"": ""https://static.wixstatic.com/media/26905f_fbf4895b83a345d0bdc38ac075bf78f7~mv2.jpg/v1/fit/w_562,h_374,q_90,enc_avif,quality_auto/26905f_fbf4895b83a345d0bdc38ac075bf78f7~mv2.jpg"", ""filename"": ""398_Punggol_Point_Woods_1.jpg"", ""local_path"": ""events_output/outdoor_add/images/398_Punggol_Point_Woods_1.jpg"", ""source_credit"": ""RetroMax Asia""}, {""url"": ""https://static.wixstatic.com/media/26905f_de5d74a74cb3466f89ca834656ae7542~mv2.jpg/v1/fit/w_562,h_374,q_90,enc_avif,quality_auto/26905f_de5d74a74cb3466f89ca834656ae7542~mv2.jpg"", ""original_url"": ""https://static.wixstatic.com/media/26905f_de5d74a74cb3466f89ca834656ae7542~mv2.jpg/v1/fit/w_562,h_374,q_90,enc_avif,quality_auto/26905f_de5d74a74cb3466f89ca834656ae7542~mv2.jpg"", ""filename"": ""398_Punggol_Point_Woods_2.jpg"", ""local_path"": ""events_output/outdoor_add/images/398_Punggol_Point_Woods_2.jpg"", ""source_credit"": ""RetroMax Asia""}, {""url"": ""https://static.wixstatic.com/media/26905f_9d0f013a35f348a885fb76386c61dd4a~mv2.jpg/v1/fit/w_562,h_374,q_90,enc_avif,quality_auto/26905f_9d0f013a35f348a885fb76386c61dd4a~mv2.jpg"", ""original_url"": ""https://static.wixstatic.com/media/26905f_9d0f013a35f348a885fb76386c61dd4a~mv2.jpg/v1/fit/w_562,h_374,q_90,enc_avif,quality_auto/26905f_9d0f013a35f348a885fb76386c61dd4a~mv2.jpg"", ""filename"": ""398_Punggol_Point_Woods_3.jpg"", ""local_path"": ""events_output/outdoor_add/images/398_Punggol_Point_Woods_3.jpg"", ""source_credit"": ""RetroMax Asia""}, {""url"": ""https://static.wixstatic.com/media/26905f_75e3791d261447b8819b3fad9f523c59~mv2.jpg/v1/fit/w_562,h_374,q_90,enc_avif,quality_auto/26905f_75e3791d261447b8819b3fad9f523c59~mv2.jpg"", ""original_url"": ""https://static.wixstatic.com/media/26905f_75e3791d261447b8819b3fad9f523c59~mv2.jpg/v1/fit/w_562,h_374,q_90,enc_avif,quality_auto/26905f_75e3791d261447b8819b3fad9f523c59~mv2.jpg"", ""filename"": ""398_Punggol_Point_Woods_4.jpg"", ""local_path"": ""events_output/outdoor_add/images/398_Punggol_Point_Woods_4.jpg"", ""source_credit"": ""RetroMax Asia""}, {""url"": ""https://static.wixstatic.com/media/26905f_813b990eeff04b51addba90d704d7b2d~mv2.jpg/v1/fit/w_562,h_374,q_90,enc_avif,quality_auto/26905f_813b990eeff04b51addba90d704d7b2d~mv2.jpg"", ""original_url"": ""https://static.wixstatic.com/media/26905f_813b990eeff04b51addba90d704d7b2d~mv2.jpg/v1/fit/w_562,h_374,q_90,enc_avif,quality_auto/26905f_813b990eeff04b51addba90d704d7b2d~mv2.jpg"", ""filename"": ""398_Punggol_Point_Woods_5.jpg"", ""local_path"": ""events_output/outdoor_add/images/398_Punggol_Point_Woods_5.jpg"", ""source_credit"": ""RetroMax Asia""}, {""url"": """", ""original_url"": ""https://www.retromax.asia/projects"", ""filename"": ""Punggol_Point_Woods_Playground_by_RetroMax_Asia_6.jpg"", ""local_path"": ""events_output/outdoor_add/images/Punggol_Point_Woods_Playground_by_RetroMax_Asia_6.jpg"", ""source_credit"": ""retromax""}, {""url"": """", ""original_url"": ""https://www.retromax.asia/projects"", ""filename"": ""Punggol_Point_Woods_Playground_by_RetroMax_Asia_7.jpg"", ""local_path"": ""events_output/outdoor_add/images/Punggol_Point_Woods_Playground_by_RetroMax_Asia_7.jpg"", ""source_credit"": ""retromax""}, {""url"": """", ""original_url"": ""https://www.retromax.asia/projects"", ""filename"": ""Punggol_Point_Woods_Playground_by_RetroMax_Asia_8.jpg"", ""local_path"": ""events_output/outdoor_add/images/Punggol_Point_Woods_Playground_by_RetroMax_Asia_8.jpg"", ""source_credit"": ""retromax""}]",398.0,103.91069429999999,1.4174293,Punggol,North-East Region,True,retromax.json
Nature Play at 226C Sumang Lane,RetroMax,"Nature play area at 226C Sumang Lane, Punggol Point.","Located at 226C Sumang Lane, this nature play area offers children a space to engage with natural elements and explore their surroundings. The play area encourages imaginative play and physical activity in a safe and stimulating environment. It is designed to be family-friendly, providing a space where children and parents can enjoy outdoor activities together. The space promotes learning through play and exploration of nature.",https://www.retromax.asia/projects,activity,https://www.retromax.asia/projects,True,Free,Free,0.0,0.0,0.0,12 years old and below,0.0,12.0,Available daily,Available daily,1970-01-01T00:00:00,2099-12-31T23:59:00,226C Sumang Lane,,"nature, wood, slide, ride, neighborhood, neighbourhood","226C Sumang Ln, Singapore 823226",Outdoor Playground,"[{""url"": ""https://static.wixstatic.com/media/26905f_12f2a97adebb4fc2827377f339be394a~mv2.jpg/v1/fit/w_562,h_374,q_90,enc_avif,quality_auto/26905f_12f2a97adebb4fc2827377f339be394a~mv2.jpg"", ""original_url"": ""https://static.wixstatic.com/media/26905f_12f2a97adebb4fc2827377f339be394a~mv2.jpg/v1/fit/w_562,h_374,q_90,enc_avif,quality_auto/26905f_12f2a97adebb4fc2827377f339be394a~mv2.jpg"", ""filename"": ""399_Bedok_Reservoir_Road_Playground_1.jpg"", ""local_path"": ""events_output/outdoor_add/images/399_Bedok_Reservoir_Road_Playground_1.jpg"", ""source_credit"": ""RetroMax""}, {""url"": ""https://static.wixstatic.com/media/26905f_87fb965b1c3b43a1b66bb154c28b8dd1~mv2.jpg/v1/fit/w_562,h_374,q_90,enc_avif,quality_auto/26905f_87fb965b1c3b43a1b66bb154c28b8dd1~mv2.jpg"", ""original_url"": ""https://static.wixstatic.com/media/26905f_87fb965b1c3b43a1b66bb154c28b8dd1~mv2.jpg/v1/fit/w_562,h_374,q_90,enc_avif,quality_auto/26905f_87fb965b1c3b43a1b66bb154c28b8dd1~mv2.jpg"", ""filename"": ""399_Bedok_Reservoir_Road_Playground_2.jpg"", ""local_path"": ""events_output/outdoor_add/images/399_Bedok_Reservoir_Road_Playground_2.jpg"", ""source_credit"": ""RetroMax""}, {""url"": ""https://static.wixstatic.com/media/26905f_28767da802304c6c87e7eeac0a38328a~mv2.jpg/v1/fit/w_562,h_374,q_90,enc_avif,quality_auto/26905f_28767da802304c6c87e7eeac0a38328a~mv2.jpg"", ""original_url"": ""https://static.wixstatic.com/media/26905f_28767da802304c6c87e7eeac0a38328a~mv2.jpg/v1/fit/w_562,h_374,q_90,enc_avif,quality_auto/26905f_28767da802304c6c87e7eeac0a38328a~mv2.jpg"", ""filename"": ""399_Bedok_Reservoir_Road_Playground_3.jpg"", ""local_path"": ""events_output/outdoor_add/images/399_Bedok_Reservoir_Road_Playground_3.jpg"", ""source_credit"": ""RetroMax""}, {""url"": ""https://static.wixstatic.com/media/26905f_b328fdb682ac40f6a96194e203291f5e~mv2.jpg/v1/fit/w_562,h_374,q_90,enc_avif,quality_auto/26905f_b328fdb682ac40f6a96194e203291f5e~mv2.jpg"", ""original_url"": ""https://static.wixstatic.com/media/26905f_b328fdb682ac40f6a96194e203291f5e~mv2.jpg/v1/fit/w_562,h_374,q_90,enc_avif,quality_auto/26905f_b328fdb682ac40f6a96194e203291f5e~mv2.jpg"", ""filename"": ""399_Bedok_Reservoir_Road_Playground_4.jpg"", ""local_path"": ""events_output/outdoor_add/images/399_Bedok_Reservoir_Road_Playground_4.jpg"", ""source_credit"": ""RetroMax""}, {""url"": ""https://static.wixstatic.com/media/26905f_55d8796833f64dfbb069a51af3faea67~mv2.jpg/v1/fit/w_562,h_374,q_90,enc_avif,quality_auto/26905f_55d8796833f64dfbb069a51af3faea67~mv2.jpg"", ""original_url"": ""https://static.wixstatic.com/media/26905f_55d8796833f64dfbb069a51af3faea67~mv2.jpg/v1/fit/w_562,h_374,q_90,enc_avif,quality_auto/26905f_55d8796833f64dfbb069a51af3faea67~mv2.jpg"", ""filename"": ""399_Bedok_Reservoir_Road_Playground_5.jpg"", ""local_path"": ""events_output/outdoor_add/images/399_Bedok_Reservoir_Road_Playground_5.jpg"", ""source_credit"": ""RetroMax""}]",399.0,103.89414099999999,1.4026153,Punggol,North-East Region,True,retromax.json
137 Bedok Reservoir Road Playground,Landscape Structures Inc,Outdoor playground at 137 Bedok Reservoir Road.,"This outdoor playground at 137 Bedok Reservoir Road offers a space for children to engage in physical activity and imaginative play. The playground includes various structures designed to promote climbing, sliding, and social interaction. It is suitable for families with young children looking for a recreational area. The playground provides a safe and engaging environment for kids to develop their motor skills and enjoy outdoor fun. The area is designed to encourage active play and exploration in a community setting.",https://www.retromax.asia/projects,activity,https://www.retromax.asia/projects,True,Free,Free,0.0,0.0,0.0,12 years old and below,0.0,12.0,Available daily,Available daily,1970-01-01T00:00:00,2099-12-31T23:59:00,137 Bedok Reservoir Road,,"slide, see-saw, neighborhood, neighbourhood","137 Bedok Reservoir Rd, Block 137, Singapore 470137",Outdoor Playground,"[{""url"": ""https://static.wixstatic.com/media/1a009e_8232de49806a44078f8e60e7fe90930d~mv2.jpg/v1/fit/w_960,h_639,q_90,enc_avif,quality_auto/1a009e_8232de49806a44078f8e60e7fe90930d~mv2.jpg"", ""original_url"": ""https://static.wixstatic.com/media/1a009e_8232de49806a44078f8e60e7fe90930d~mv2.jpg/v1/fit/w_960,h_639,q_90,enc_avif,quality_auto/1a009e_8232de49806a44078f8e60e7fe90930d~mv2.jpg"", ""filename"": ""401_Bedok_Reservoir_Road_1.jpg"", ""local_path"": ""events_output/outdoor_add/images/401_Bedok_Reservoir_Road_1.jpg"", ""source_credit"": ""Landscape Structures Inc""}, {""url"": ""https://static.wixstatic.com/media/1a009e_677734857882439494c1dc0c9c2b67cd~mv2.jpg/v1/fit/w_960,h_639,q_90,enc_avif,quality_auto/1a009e_677734857882439494c1dc0c9c2b67cd~mv2.jpg"", ""original_url"": ""https://static.wixstatic.com/media/1a009e_677734857882439494c1dc0c9c2b67cd~mv2.jpg/v1/fit/w_960,h_639,q_90,enc_avif,quality_auto/1a009e_677734857882439494c1dc0c9c2b67cd~mv2.jpg"", ""filename"": ""401_Bedok_Reservoir_Road_2.jpg"", ""local_path"": ""events_output/outdoor_add/images/401_Bedok_Reservoir_Road_2.jpg"", ""source_credit"": ""Landscape Structures Inc""}, {""url"": ""https://static.wixstatic.com/media/1a009e_1637d0d9c14c414ea790fc17bf50243b~mv2.jpg/v1/fit/w_960,h_639,q_90,enc_avif,quality_auto/1a009e_1637d0d9c14c414ea790fc17bf50243b~mv2.jpg"", ""original_url"": ""https://static.wixstatic.com/media/1a009e_1637d0d9c14c414ea790fc17bf50243b~mv2.jpg/v1/fit/w_960,h_639,q_90,enc_avif,quality_auto/1a009e_1637d0d9c14c414ea790fc17bf50243b~mv2.jpg"", ""filename"": ""401_Bedok_Reservoir_Road_3.jpg"", ""local_path"": ""events_output/outdoor_add/images/401_Bedok_Reservoir_Road_3.jpg"", ""source_credit"": ""Landscape Structures Inc""}, {""url"": ""https://static.wixstatic.com/media/1a009e_58062d99425849d4a35736024ce31800~mv2.jpg/v1/fit/w_960,h_639,q_90,enc_avif,quality_auto/1a009e_58062d99425849d4a35736024ce31800~mv2.jpg"", ""original_url"": ""https://static.wixstatic.com/media/1a009e_58062d99425849d4a35736024ce31800~mv2.jpg/v1/fit/w_960,h_639,q_90,enc_avif,quality_auto/1a009e_58062d99425849d4a35736024ce31800~mv2.jpg"", ""filename"": ""401_Bedok_Reservoir_Road_4.jpg"", ""local_path"": ""events_output/outdoor_add/images/401_Bedok_Reservoir_Road_4.jpg"", ""source_credit"": ""Landscape Structures Inc""}, {""url"": ""https://static.wixstatic.com/media/1a009e_cb6b1e727db54dd680deec164809d372~mv2.jpg/v1/fit/w_960,h_639,q_90,enc_avif,quality_auto/1a009e_cb6b1e727db54dd680deec164809d372~mv2.jpg"", ""original_url"": ""https://static.wixstatic.com/media/1a009e_cb6b1e727db54dd680deec164809d372~mv2.jpg/v1/fit/w_960,h_639,q_90,enc_avif,quality_auto/1a009e_cb6b1e727db54dd680deec164809d372~mv2.jpg"", ""filename"": ""401_Bedok_Reservoir_Road_5.jpg"", ""local_path"": ""events_output/outdoor_add/images/401_Bedok_Reservoir_Road_5.jpg"", ""source_credit"": ""Landscape Structures Inc""}]",401.0,103.912813,1.3337227,Bedok,East Region,True,retromax.json
525 Hougang Discovery Tree Climb Playground,Retromax,,"The Discovery Tree Climb at 525 Hougang offers a unique play experience for children. This innovative structure encourages physical activity and imaginative play, allowing kids to explore and climb in a safe and engaging environment. The design focuses on providing a challenging yet accessible climbing experience, promoting coordination and problem-solving skills. It's an ideal spot for families looking to enjoy outdoor activities and foster a love for nature and adventure. The area is designed to be family-friendly, ensuring a fun and memorable experience for all visitors. The structure is suitable for children of various ages and abilities, making it a versatile and inclusive playground feature.",https://www.retromax.asia/projects,activity,https://www.retromax.asia/projects,True,Free,Free,0.0,0.0,0.0,12 years old and below,0.0,12.0,Available daily,Available daily,1970-01-01T00:00:00,2099-12-31T23:59:00,525 Hougang Ave 6,,"Climb, slide, discover, neighborhood, neighbourhood","525 Hougang Ave 6, Singapore 530525",Outdoor Playground,"[{""url"": ""https://static.wixstatic.com/media/26905f_b5619ba9293640b28ad3ae2268dad644~mv2.jpg/v1/fit/w_562,h_374,q_90,enc_avif,quality_auto/26905f_b5619ba9293640b28ad3ae2268dad644~mv2.jpg"", ""original_url"": ""https://static.wixstatic.com/media/26905f_b5619ba9293640b28ad3ae2268dad644~mv2.jpg/v1/fit/w_562,h_374,q_90,enc_avif,quality_auto/26905f_b5619ba9293640b28ad3ae2268dad644~mv2.jpg"", ""filename"": ""402_525_Hougang_1.jpg"", ""local_path"": ""events_output/outdoor_add/images/402_525_Hougang_1.jpg"", ""source_credit"": ""Retromax""}, {""url"": ""https://static.wixstatic.com/media/26905f_e0f9ff566d424364b72c052556473aa1~mv2.jpg/v1/fit/w_250,h_374,q_90,enc_avif,quality_auto/26905f_e0f9ff566d424364b72c052556473aa1~mv2.jpg"", ""original_url"": ""https://static.wixstatic.com/media/26905f_e0f9ff566d424364b72c052556473aa1~mv2.jpg/v1/fit/w_250,h_374,q_90,enc_avif,quality_auto/26905f_e0f9ff566d424364b72c052556473aa1~mv2.jpg"", ""filename"": ""402_525_Hougang_2.jpg"", ""local_path"": ""events_output/outdoor_add/images/402_525_Hougang_2.jpg"", ""source_credit"": ""Retromax""}, {""url"": ""https://static.wixstatic.com/media/26905f_a8169a8675ea4746beaeeef87f8c024f~mv2.jpg/v1/fit/w_562,h_374,q_90,enc_avif,quality_auto/26905f_a8169a8675ea4746beaeeef87f8c024f~mv2.jpg"", ""original_url"": ""https://static.wixstatic.com/media/26905f_a8169a8675ea4746beaeeef87f8c024f~mv2.jpg/v1/fit/w_562,h_374,q_90,enc_avif,quality_auto/26905f_a8169a8675ea4746beaeeef87f8c024f~mv2.jpg"", ""filename"": ""402_525_Hougang_3.jpg"", ""local_path"": ""events_output/outdoor_add/images/402_525_Hougang_3.jpg"", ""source_credit"": ""Retromax""}, {""url"": ""https://static.wixstatic.com/media/26905f_e95e1208c5fd45489f6892f9bc83f6e6~mv2.jpg/v1/fit/w_562,h_374,q_90,enc_avif,quality_auto/26905f_e95e1208c5fd45489f6892f9bc83f6e6~mv2.jpg"", ""original_url"": ""https://static.wixstatic.com/media/26905f_e95e1208c5fd45489f6892f9bc83f6e6~mv2.jpg/v1/fit/w_562,h_374,q_90,enc_avif,quality_auto/26905f_e95e1208c5fd45489f6892f9bc83f6e6~mv2.jpg"", ""filename"": ""402_525_Hougang_4.jpg"", ""local_path"": ""events_output/outdoor_add/images/402_525_Hougang_4.jpg"", ""source_credit"": ""Retromax""}, {""url"": ""https://static.wixstatic.com/media/26905f_84ed5f7d5d194ba18aa4e18f613bbdbb~mv2.jpg/v1/fit/w_562,h_374,q_90,enc_avif,quality_auto/26905f_84ed5f7d5d194ba18aa4e18f613bbdbb~mv2.jpg"", ""original_url"": ""https://static.wixstatic.com/media/26905f_84ed5f7d5d194ba18aa4e18f613bbdbb~mv2.jpg/v1/fit/w_562,h_374,q_90,enc_avif,quality_auto/26905f_84ed5f7d5d194ba18aa4e18f613bbdbb~mv2.jpg"", ""filename"": ""402_525_Hougang_5.jpg"", ""local_path"": ""events_output/outdoor_add/images/402_525_Hougang_5.jpg"", ""source_credit"": ""Retromax""}]",402.0,103.8913358,1.3748506,Hougang,North-East Region,True,retromax.json
115 Hougang Ave 1 Playground,Landscape Structures Inc,Landscape Structures Inc - PlayBooster venue details,"The PlayBooster venue offers a dynamic and customizable play experience, designed to engage children of all ages and abilities. This innovative play structure features a variety of interactive elements, including slides, climbers, and sensory activities, promoting physical activity and imaginative play. The venue is designed to be family-friendly, ensuring a safe and enjoyable environment for all visitors. It encourages social interaction and cooperative play, fostering creativity and problem-solving skills among children. The PlayBooster venue provides a fun and challenging space for kids to develop their motor skills and coordination while enjoying the outdoors.",https://www.retromax.asia/projects,activity,https://www.retromax.asia/projects,True,Free,Free,0.0,0.0,0.0,12 years old and below,0.0,12.0,Available daily,Available daily,1970-01-01T00:00:00,2099-12-31T23:59:00,115 Hougang Ave 1,,"slide, ride, neighborhood, neighbourhood","115 Hougang Ave 1, Block 115, Singapore 530115",Outdoor Playground,"[{""url"": ""https://static.wixstatic.com/media/1a009e_e6ef9f2323354b5392d008757c594a46~mv2.jpg/v1/fit/w_499,h_374,q_90,enc_avif,quality_auto/1a009e_e6ef9f2323354b5392d008757c594a46~mv2.jpg"", ""original_url"": ""https://static.wixstatic.com/media/1a009e_e6ef9f2323354b5392d008757c594a46~mv2.jpg/v1/fit/w_499,h_374,q_90,enc_avif,quality_auto/1a009e_e6ef9f2323354b5392d008757c594a46~mv2.jpg"", ""filename"": ""405_115_Hougang_Ave_1_1.jpg"", ""local_path"": ""events_output/outdoor_add/images/405_115_Hougang_Ave_1_1.jpg"", ""source_credit"": ""Landscape Structures Inc""}, {""url"": ""https://static.wixstatic.com/media/1a009e_c0c8f16102cd489eac1a29328f56773a~mv2.jpg/v1/fit/w_499,h_374,q_90,enc_avif,quality_auto/1a009e_c0c8f16102cd489eac1a29328f56773a~mv2.jpg"", ""original_url"": ""https://static.wixstatic.com/media/1a009e_c0c8f16102cd489eac1a29328f56773a~mv2.jpg/v1/fit/w_499,h_374,q_90,enc_avif,quality_auto/1a009e_c0c8f16102cd489eac1a29328f56773a~mv2.jpg"", ""filename"": ""405_115_Hougang_Ave_1_2.jpg"", ""local_path"": ""events_output/outdoor_add/images/405_115_Hougang_Ave_1_2.jpg"", ""source_credit"": ""Landscape Structures Inc""}, {""url"": ""https://static.wixstatic.com/media/1a009e_497f84d443604f3f9184da907be28bfe~mv2.jpg/v1/fit/w_499,h_374,q_90,enc_avif,quality_auto/1a009e_497f84d443604f3f9184da907be28bfe~mv2.jpg"", ""original_url"": ""https://static.wixstatic.com/media/1a009e_497f84d443604f3f9184da907be28bfe~mv2.jpg/v1/fit/w_499,h_374,q_90,enc_avif,quality_auto/1a009e_497f84d443604f3f9184da907be28bfe~mv2.jpg"", ""filename"": ""405_115_Hougang_Ave_1_3.jpg"", ""local_path"": ""events_output/outdoor_add/images/405_115_Hougang_Ave_1_3.jpg"", ""source_credit"": ""Landscape Structures Inc""}, {""url"": ""https://static.wixstatic.com/media/1a009e_ecdc0b787cff4ea68eb735d5323dd15f~mv2.jpg/v1/fit/w_499,h_374,q_90,enc_avif,quality_auto/1a009e_ecdc0b787cff4ea68eb735d5323dd15f~mv2.jpg"", ""original_url"": ""https://static.wixstatic.com/media/1a009e_ecdc0b787cff4ea68eb735d5323dd15f~mv2.jpg/v1/fit/w_499,h_374,q_90,enc_avif,quality_auto/1a009e_ecdc0b787cff4ea68eb735d5323dd15f~mv2.jpg"", ""filename"": ""405_115_Hougang_Ave_1_4.jpg"", ""local_path"": ""events_output/outdoor_add/images/405_115_Hougang_Ave_1_4.jpg"", ""source_credit"": ""Landscape Structures Inc""}, {""url"": ""https://static.wixstatic.com/media/1a009e_dcd7dae8f84846f4a15177270ffd70fe~mv2.jpg/v1/fit/w_494,h_374,q_90,enc_avif,quality_auto/1a009e_dcd7dae8f84846f4a15177270ffd70fe~mv2.jpg"", ""original_url"": ""https://static.wixstatic.com/media/1a009e_dcd7dae8f84846f4a15177270ffd70fe~mv2.jpg/v1/fit/w_494,h_374,q_90,enc_avif,quality_auto/1a009e_dcd7dae8f84846f4a15177270ffd70fe~mv2.jpg"", ""filename"": ""405_115_Hougang_Ave_1_5.jpg"", ""local_path"": ""events_output/outdoor_add/images/405_115_Hougang_Ave_1_5.jpg"", ""source_credit"": ""Landscape Structures Inc""}]",405.0,103.8880203,1.3527647999999999,Hougang,North-East Region,True,retromax.json
861A Tampines Ave 5 Outdoor Play Area,Landscape Structures Inc,Outdoor play area for kids and families to enjoy.,"This outdoor play area at 861A Tampines Ave 5 features play equipment designed by Landscape Structures Inc, including Smart Play and HealthBeat elements. It offers a space for children to engage in physical activity and imaginative play. The area is designed to promote health and well-being through interactive play experiences. Families can enjoy a variety of activities in this outdoor setting, encouraging active lifestyles and community engagement. The play area is suitable for children of various ages and abilities, providing a safe and stimulating environment for outdoor fun and recreation.",https://www.retromax.asia/projects,activity,https://www.retromax.asia/projects,True,Free,Free,0.0,0.0,0.0,12 years old and below,0.0,12.0,Available daily,Available daily,1970-01-01T00:00:00,2099-12-31T23:59:00,861A Tampines Ave 5,,"neighborhood, neighbourhood, slide, climb","861A Tampines Ave 5, Singapore 521861",Outdoor Playground,"[{""url"": """", ""original_url"": ""https://www.retromax.asia/projects"", ""filename"": ""861A_Tampines_Ave_5_Outdoor_Play_Area_1.jpg"", ""local_path"": ""events_output/outdoor_add/images/user_uploads/861A_Tampines_Ave_5_Outdoor_Play_Area_1.jpg"", ""source_credit"": ""retromax""}, {""url"": """", ""original_url"": ""https://www.retromax.asia/projects"", ""filename"": ""861A_Tampines_Ave_5_Outdoor_Play_Area_2.jpg"", ""local_path"": ""events_output/outdoor_add/images/user_uploads/861A_Tampines_Ave_5_Outdoor_Play_Area_2.jpg"", ""source_credit"": ""retromax""}, {""url"": """", ""original_url"": ""https://www.retromax.asia/projects"", ""filename"": ""861A_Tampines_Ave_5_Outdoor_Play_Area_3.jpg"", ""local_path"": ""events_output/outdoor_add/images/user_uploads/861A_Tampines_Ave_5_Outdoor_Play_Area_3.jpg"", ""source_credit"": ""retromax""}]",406.0,103.93728490000001,1.3546601,Tampines,East Region,True,retromax.json
477-479 Yishun St 42 Playground,Landscape Structures Inc,Smart Play and HealthBeat playground at Hougang Ave 1.,"This playground at 477-479 Yishun St 42 offers a range of play options suitable for children of various ages, promoting physical activity and healthy lifestyles. The playground provides a safe and engaging environment for kids to explore and have fun. It is designed to encourage social interaction and imaginative play, making it a great spot for families to spend quality time together. The equipment is built to meet safety standards, ensuring a secure play experience for all children.",https://www.retromax.asia/projects,activity,https://www.retromax.asia/projects,True,Free,Free,0.0,0.0,0.0,12 years old and below,0.0,12.0,Available daily,Available daily,1970-01-01T00:00:00,2099-12-31T23:59:00,477-479 Yishun St 42,,"neighborhood, neighbourhood, slide, fish, toddler, merry-go-round","479C Yishun Street 42, Singapore 763479",Outdoor Playground,"[{""url"": ""https://static.wixstatic.com/media/01f072_b16708ec421a4dcebfb27bd1fd5800da~mv2.jpg/v1/fit/w_562,h_374,q_90,enc_avif,quality_auto/01f072_b16708ec421a4dcebfb27bd1fd5800da~mv2.jpg"", ""original_url"": ""https://static.wixstatic.com/media/01f072_b16708ec421a4dcebfb27bd1fd5800da~mv2.jpg/v1/fit/w_562,h_374,q_90,enc_avif,quality_auto/01f072_b16708ec421a4dcebfb27bd1fd5800da~mv2.jpg"", ""filename"": ""408_Yishun_Street_42_1.jpg"", ""local_path"": ""events_output/outdoor_add/images/408_Yishun_Street_42_1.jpg"", ""source_credit"": ""retromax""}, {""url"": ""https://static.wixstatic.com/media/01f072_58eeccd2a974409d9f985458210391bf~mv2.jpg/v1/fit/w_562,h_374,q_90,enc_avif,quality_auto/01f072_58eeccd2a974409d9f985458210391bf~mv2.jpg"", ""original_url"": ""https://static.wixstatic.com/media/01f072_58eeccd2a974409d9f985458210391bf~mv2.jpg/v1/fit/w_562,h_374,q_90,enc_avif,quality_auto/01f072_58eeccd2a974409d9f985458210391bf~mv2.jpg"", ""filename"": ""408_Yishun_Street_42_2.jpg"", ""local_path"": ""events_output/outdoor_add/images/408_Yishun_Street_42_2.jpg"", ""source_credit"": ""retromax""}, {""url"": ""https://static.wixstatic.com/media/01f072_77d19f8872be4200a95f2e5e5cb9fa63~mv2.jpg/v1/fit/w_562,h_374,q_90,enc_avif,quality_auto/01f072_77d19f8872be4200a95f2e5e5cb9fa63~mv2.jpg"", ""original_url"": ""https://static.wixstatic.com/media/01f072_77d19f8872be4200a95f2e5e5cb9fa63~mv2.jpg/v1/fit/w_562,h_374,q_90,enc_avif,quality_auto/01f072_77d19f8872be4200a95f2e5e5cb9fa63~mv2.jpg"", ""filename"": ""408_Yishun_Street_42_3.jpg"", ""local_path"": ""events_output/outdoor_add/images/408_Yishun_Street_42_3.jpg"", ""source_credit"": ""retromax""}, {""url"": ""https://static.wixstatic.com/media/01f072_d4070e8c77d64cf5b00592a235fd08aa~mv2.jpg/v1/fit/w_562,h_374,q_90,enc_avif,quality_auto/01f072_d4070e8c77d64cf5b00592a235fd08aa~mv2.jpg"", ""original_url"": ""https://static.wixstatic.com/media/01f072_d4070e8c77d64cf5b00592a235fd08aa~mv2.jpg/v1/fit/w_562,h_374,q_90,enc_avif,quality_auto/01f072_d4070e8c77d64cf5b00592a235fd08aa~mv2.jpg"", ""filename"": ""408_Yishun_Street_42_4.jpg"", ""local_path"": ""events_output/outdoor_add/images/408_Yishun_Street_42_4.jpg"", ""source_credit"": ""retromax""}, {""url"": ""https://static.wixstatic.com/media/01f072_8cec6c5b319e4212bab3f5ec349fed4a~mv2.jpg/v1/fit/w_562,h_374,q_90,enc_avif,quality_auto/01f072_8cec6c5b319e4212bab3f5ec349fed4a~mv2.jpg"", ""original_url"": ""https://static.wixstatic.com/media/01f072_8cec6c5b319e4212bab3f5ec349fed4a~mv2.jpg/v1/fit/w_562,h_374,q_90,enc_avif,quality_auto/01f072_8cec6c5b319e4212bab3f5ec349fed4a~mv2.jpg"", ""filename"": ""408_Yishun_Street_42_5.jpg"", ""local_path"": ""events_output/outdoor_add/images/408_Yishun_Street_42_5.jpg"", ""source_credit"": ""retromax""}]",408.0,103.8501095,1.4293923,Yishun,North Region,True,retromax.json
SAFRA Yishun - Water Odyssey,RetroMax,Indoor play equipment at Bukit Batok Civil Service Club.,SAFRA Yishun - Water Odyssey features water play equipment that includes various water play areas suitable for children of different ages. The equipment aims to provide a safe and engaging environment for kids to enjoy physical activity and imaginative play. It's an ideal spot for families looking for outdoor recreational options. The play area is designed to encourage social interaction and motor skill development in a secure setting. Parents can relax knowing their children are playing in a well-maintained and supervised environment. The facility offers a range of activities to keep children entertained for hours.,https://www.retromax.asia/projects,activity,https://www.retromax.asia/projects,True,Free,Free (members only),0.0,0.0,0.0,12 years old and below,0.0,12.0,Available daily,"Available daily, 9am - 9pm",1970-01-01T00:00:00,2099-12-31T23:59:00,SAFRA Yishun,Water play,"wet, fountain, pool, swim","60 Yishun Ave 4, Singapore 769027",Indoor Playground,"[{""url"": ""https://static.wixstatic.com/media/01f072_1f53481a8db647f8997d31468777eb81~mv2.jpg/v1/fit/w_666,h_374,q_90,enc_avif,quality_auto/01f072_1f53481a8db647f8997d31468777eb81~mv2.jpg"", ""original_url"": ""https://static.wixstatic.com/media/01f072_1f53481a8db647f8997d31468777eb81~mv2.jpg/v1/fit/w_666,h_374,q_90,enc_avif,quality_auto/01f072_1f53481a8db647f8997d31468777eb81~mv2.jpg"", ""filename"": ""415_Safra_Yishun_1.jpg"", ""local_path"": ""events_output/outdoor_add/images/415_Safra_Yishun_1.jpg"", ""source_credit"": ""RetroMax""}, {""url"": ""https://static.wixstatic.com/media/01f072_215d6905082f44de876c42457994b10c~mv2.jpg/v1/fit/w_666,h_374,q_90,enc_avif,quality_auto/01f072_215d6905082f44de876c42457994b10c~mv2.jpg"", ""original_url"": ""https://static.wixstatic.com/media/01f072_215d6905082f44de876c42457994b10c~mv2.jpg/v1/fit/w_666,h_374,q_90,enc_avif,quality_auto/01f072_215d6905082f44de876c42457994b10c~mv2.jpg"", ""filename"": ""415_Safra_Yishun_2.jpg"", ""local_path"": ""events_output/outdoor_add/images/415_Safra_Yishun_2.jpg"", ""source_credit"": ""RetroMax""}, {""url"": ""https://static.wixstatic.com/media/01f072_71e23de152494c95bfd9d53da97eb133~mv2.jpg/v1/fit/w_666,h_374,q_90,enc_avif,quality_auto/01f072_71e23de152494c95bfd9d53da97eb133~mv2.jpg"", ""original_url"": ""https://static.wixstatic.com/media/01f072_71e23de152494c95bfd9d53da97eb133~mv2.jpg/v1/fit/w_666,h_374,q_90,enc_avif,quality_auto/01f072_71e23de152494c95bfd9d53da97eb133~mv2.jpg"", ""filename"": ""415_Safra_Yishun_3.jpg"", ""local_path"": ""events_output/outdoor_add/images/415_Safra_Yishun_3.jpg"", ""source_credit"": ""RetroMax""}, {""url"": ""https://static.wixstatic.com/media/01f072_f962b803d489478199569c9c2165fc91~mv2.jpg/v1/fit/w_666,h_374,q_90,enc_avif,quality_auto/01f072_f962b803d489478199569c9c2165fc91~mv2.jpg"", ""original_url"": ""https://static.wixstatic.com/media/01f072_f962b803d489478199569c9c2165fc91~mv2.jpg/v1/fit/w_666,h_374,q_90,enc_avif,quality_auto/01f072_f962b803d489478199569c9c2165fc91~mv2.jpg"", ""filename"": ""415_Safra_Yishun_4.jpg"", ""local_path"": ""events_output/outdoor_add/images/415_Safra_Yishun_4.jpg"", ""source_credit"": ""RetroMax""}, {""url"": ""https://static.wixstatic.com/media/01f072_43c7bf1d03c94518bd85e83ac9e79090~mv2.jpg/v1/fit/w_666,h_374,q_90,enc_avif,quality_auto/01f072_43c7bf1d03c94518bd85e83ac9e79090~mv2.jpg"", ""original_url"": ""https://static.wixstatic.com/media/01f072_43c7bf1d03c94518bd85e83ac9e79090~mv2.jpg/v1/fit/w_666,h_374,q_90,enc_avif,quality_auto/01f072_43c7bf1d03c94518bd85e83ac9e79090~mv2.jpg"", ""filename"": ""415_Safra_Yishun_5.jpg"", ""local_path"": ""events_output/outdoor_add/images/415_Safra_Yishun_5.jpg"", ""source_credit"": ""RetroMax""}]",415.0,103.8407026,1.4241051999999998,Yishun,North Region,True,retromax.json
Keat Hong Community Club Transport Water Play,RetroMax,Wet play at Keat Hong Community Club Water Odyssey.,"The Keat Hong Community Club features a Water Odyssey wet play area designed for family fun. This outdoor space offers a refreshing escape with interactive water features suitable for children of various ages. The wet play area provides a safe and engaging environment where kids can splash, play, and cool off. Parents can relax knowing their children are enjoying a healthy and active playtime in a secure setting. The venue is ideal for families looking for a fun day out. The wet play area includes sprinklers, water guns, and shallow pools, ensuring a delightful experience for all. The facility is well-maintained and offers a clean and safe environment for children to enjoy water play.",https://www.retromax.asia/projects,activity,https://www.retromax.asia/projects,True,Free,Free,0.0,0.0,0.0,3 to 11 years old,3.0,11.0,Available daily,"Available daily, 10am - 2pm & 4pm - 10pm",1970-01-01T00:00:00,2099-12-31T23:59:00,Keat Hong Community Club,Water Play,"wet, water, splash, transport, car, community","2 Choa Chu Kang Loop, #01-01, Singapore 689687",Outdoor Playground,"[{""url"": """", ""original_url"": ""https://www.retromax.asia/projects"", ""filename"": ""Keat_Hong_Community_Club_Transport_Water_Play_1.jpg"", ""local_path"": ""events_output/outdoor_add/images/user_uploads/Keat_Hong_Community_Club_Transport_Water_Play_1.jpg"", ""source_credit"": ""retromax""}, {""url"": """", ""original_url"": ""https://www.retromax.asia/projects"", ""filename"": ""Keat_Hong_Community_Club_Transport_Water_Play_2.jpg"", ""local_path"": ""events_output/outdoor_add/images/user_uploads/Keat_Hong_Community_Club_Transport_Water_Play_2.jpg"", ""source_credit"": ""retromax""}]",417.0,103.74482499999999,1.3841443999999998,Choa Chu Kang,West Region,True,retromax.json
