ID,title,organiser,blurb,description,guid,activity_or_event,url,is_free,price_display_teaser,price_display,price,min_price,max_price,age_group_display,min_age,max_age,datetime_display_teaser,datetime_display,start_datetime,end_datetime,venue_name,address_display,categories,images,longitude,latitude,checked,region,planning_area,label tag,keyword tag
225,The Artground at Goodman Arts Centre - Lost Islands,The Artground,"Arts space for families to discover, learn, be curious.","The Artground is an accessible arts space where families can feel at ease, spend time, discover, learn, and be curious. It opens its doors to different communities, providing positive experiences to enrich and brighten their day. The space is sanitised and reset between each time-slot. Pre-booking tickets is recommended, though walk-ins are allowed if slots are available. The venue is closed to the public during weekday morning school excursions, selected public holidays, and private events. Admission charges apply, with different rates for weekdays and weekends/public holidays/school holidays. CHAS card holders enjoy free admission.",https://www.theartground.com.sg/,event,https://www.theartground.com.sg/,TRUE,Free + Paid options,From $5 - $8 (Free for Blue and Orange CHAS card holders),5,5,8,Suitable for all ages,0,99,19 Apr - 29 Mar,"19 Apr 2025 - 29 Mar 2026, 9.15am – 6pm (Closed on selected Public Holidays)",2025-04-19T09:15:00,2026-03-29T18:00:00,Goodman Arts Centre,"90 Goodman Rd, #01-40 BLK J, Singapore 439053","Attraction, Indoor Playground","[{""local_path"": ""events_output/event_1/images/user_uploads/The_Artground_at_Goodman_Arts_Centre_Venue_1.jpg"", ""filename"": ""The_Artground_at_Goodman_Arts_Centre_Venue_1.jpg"", ""original_url"": ""https://www.theartground.com.sg/visit-us/goodman-arts-centre"", ""source_credit"": ""theartground""}, {""local_path"": ""events_output/event_1/images/user_uploads/The_Artground_at_Goodman_Arts_Centre_Venue_2.jpg"", ""filename"": ""The_Artground_at_Goodman_Arts_Centre_Venue_2.jpg"", ""original_url"": ""https://www.theartground.com.sg/visit-us/goodman-arts-centre"", ""source_credit"": ""theartground""}]",103.8853019,1.3036295,TRUE,Central Region,Marine Parade,,"museum, indoor, kid, play"
226,The Artground at One Holland Village - A Curious Garden,The Artground,"Arts space for families to discover, learn, be curious.","The Artground is an accessible arts space where families can feel at ease, spend time, discover, learn, and be curious. It opens its doors to different communities, providing positive experiences to enrich and brighten their day. The space is sanitised and reset between each time-slot. Pre-booking tickets is recommended, though walk-ins are allowed if slots are available. The venue is closed to the public during weekday morning school excursions, selected public holidays, and private events. Admission charges apply, with different rates for weekdays and weekends/public holidays/school holidays. CHAS card holders enjoy free admission.",https://www.theartground.com.sg/,event,https://www.theartground.com.sg/,TRUE,Free + Paid options,From $5 - $10 (Free for Blue and Orange CHAS card holders),5,5,10,Suitable for all ages,0,99,08 Dec - 31 Dec,"08 Dec 2023 - 31 Dec 2025, 9.15am - 6pm (Closed on selected Public Holidays)",2023-12-08T09:15:00,2025-12-31T18:00:00,One Holland Village,"7 Holland Vlg Wy, #01-20, Singapore 275748","Attraction, Indoor Playground","[{""local_path"": ""events_output/event_2/images/user_uploads/The_Artground_at_One_Holland_Village_Venue_1.jpeg"", ""filename"": ""The_Artground_at_One_Holland_Village_Venue_1.jpeg"", ""original_url"": ""https://www.theartground.com.sg/visit-us/one-holland-village"", ""source_credit"": ""theartground""}, {""local_path"": ""events_output/event_2/images/user_uploads/The_Artground_at_One_Holland_Village_Venue_2.png"", ""filename"": ""The_Artground_at_One_Holland_Village_Venue_2.png"", ""original_url"": ""https://www.theartground.com.sg/visit-us/one-holland-village"", ""source_credit"": ""theartground""}, {""local_path"": ""events_output/event_2/images/user_uploads/The_Artground_at_One_Holland_Village_Venue_3.jpeg"", ""filename"": ""The_Artground_at_One_Holland_Village_Venue_3.jpeg"", ""original_url"": ""https://www.theartground.com.sg/visit-us/one-holland-village"", ""source_credit"": ""theartground""}]",103.7937223,1.3114782,TRUE,Central Region,Queenstown,,"museum, indoor, kid, play"
227,Wild Wonders @ Bird Paradise Adventure,Mandai Wildlife Reserve,Feathered Mystery Adventure at Bird Paradise awaits!,"Unleash your child’s inner wildlife detective as they hunt clues, meet amazing birds, and discover surprising connections between birds and humans - all in a fun, interactive game at Bird Paradise! This family-friendly adventure encourages exploration and learning about the avian world. Children will engage in activities that promote observation skills and problem-solving. The experience is designed to be both educational and entertaining, making it a memorable outing for families. Discover the wonders of birds and their relationship with humans through this interactive adventure.",https://zooschool.mandai.com/programme/wild-wonders-bird-paradise-154,event,https://zooschool.mandai.com/programme/wild-wonders-bird-paradise-154,FALSE,From $70,$70,70,70,70,5 to 12 years old,5,12,Recurring Fri,"17, 24, 31 Oct 2025, 3:30 - 5:30pm",2025-10-17T15:30:00,2025-10-31T17:30:00,Bird Paradise,"20 Mandai Lake Rd, Singapore 729825",Attraction,"[{""url"": ""https://mandai-s3-bucket-live.s3.ap-southeast-1.amazonaws.com/ClassImages/1754378874685_banner.jpg"", ""source_credit"": ""Mandai Wildlife Reserve""}, {""url"": ""https://mandai-s3-bucket-live.s3.ap-southeast-1.amazonaws.com/ProgrammeHighlight/154/1754381911591.jpg"", ""source_credit"": ""Mandai Wildlife Reserve""}]",103.7812684,1.4071539,TRUE,North Region,Central Water Catchment,,"bird, nature, zoo, wildlife, safari, animals"
228,Singapore Zoo: Wildlife Access and Family Fun,Mandai Wildlife Group,Enjoy wildlife access with savings for the family.,"Explore diverse wildlife from around the globe in immersive habitats. The Singapore Zoo offers engaging experiences for families, including animal encounters, feeding sessions, and educational shows. Discover fascinating creatures and learn about conservation efforts in a lush, natural environment. Perfect for a family day out, the zoo provides a memorable and educational experience for all ages. Observe animals in open enclosures, participate in interactive exhibits, and enjoy the beauty of nature. The zoo is committed to providing a safe and enjoyable environment for all visitors, with various amenities and facilities available.",https://www.mandai.com/en/singapore-zoo.html,activity,https://www.mandai.com/en/singapore-zoo.html,FALSE,From $27.20,From $27.20 - $49,27.2,27.2,49,Suitable for all ages,0,99,Available daily,"Available daily, 8:30am - 6pm",1970-01-01T00:00:00,2099-12-31T23:59:00,Singapore Zoo,"80 Mandai Lake Rd, Singapore 729826",Attraction,"[{""local_path"": ""events_output/event_1/images/user_uploads/Singapore_Zoo__Wildlife_Access_and_Family_Fun_1.jpg"", ""filename"": ""Singapore_Zoo__Wildlife_Access_and_Family_Fun_1.jpg"", ""original_url"": ""https://openverse.org/image/93a06adc-9f73-4efa-bb9e-21558e27e436?q=Mandai+zoo&p=17"", ""source_credit"": ""gunman47""}, {""local_path"": ""events_output/event_1/images/user_uploads/Singapore_Zoo__Wildlife_Access_and_Family_Fun_2.jpg"", ""filename"": ""Singapore_Zoo__Wildlife_Access_and_Family_Fun_2.jpg"", ""original_url"": ""https://www.mandai.com/en/see-and-do/all-activities.html?activity-type=kids-play%2Cadventure-plus"", ""source_credit"": ""mandai""}]",103.7930207,1.4043873,TRUE,North Region,Central Water Catchment,,"animals, nature, zoo, wildlife, safari"
229,Wild Wonders @ Singapore Zoo,Mandai Wildlife Reserve,Let your knowledge of the animal kingdom shine!,"Step into the wild as the Singapore Zoo transforms into a living, breathing game board. In Wild Wonders: The Ultimate Animal Showdown, your child becomes a wildlife strategist - choosing animal teammates, completing fun missions across the zoo, and building the ultimate trump card deck. It’s a high-energy, brain-boosting adventure packed with teamwork, critical thinking, and immersive animal discovery. Along the way, children tackle challenges focused on key survival traits like mobility, defence, hunting and foraging. From Orangutans that use tools to Sun Bears with foraging superpowers, your child will discover real animal abilities while having a blast outdoors and connecting with nature. The day ends in an ultimate final card battle - will strategy, smarts, and wild instincts lead their team to victory?",https://zooschool.mandai.com/programme/wild-wonders-singapore-zoo-144,event,https://zooschool.mandai.com/programme/wild-wonders-singapore-zoo-144,FALSE,From $70,$70,70,70,70,5 to 12 years old,5,12,Recurring Sat,"04, 11, 25 October 2025, 9:30am - 12pm",2025-10-04T09:30:00,2025-10-25T12:00:00,Singapore Zoo,"80 Mandai Lake Rd, Singapore 729826",Attraction,"[{""url"": ""https://mandai-s3-bucket-live.s3.ap-southeast-1.amazonaws.com/ClassImages/1753230468915_banner.jpg"", ""source_credit"": ""Mandai Wildlife Reserve""}, {""url"": ""https://mandai-s3-bucket-live.s3.ap-southeast-1.amazonaws.com/ProgrammeHighlight/144/1753230612991.jpg"", ""source_credit"": ""Mandai Wildlife Reserve""}]",103.7906676,1.4038498,TRUE,North Region,Central Water Catchment,,"animals, nature, zoo, wildlife, safari"
230,Singapore Botanic Gardens: A Lush Sanctuary,NParks,Explore a lush sanctuary in the heart of the city.,"The Singapore Botanic Gardens, a lush sanctuary near Orchard Road, is developed along a Four-Core Concept. Tanglin is the heritage core, Central is the tourist belt, and Bukit Timah is the educational zone. Tyersall-Gallop, opened in 2017, integrates with the existing rain forest. Each Core offers attractions for visitors to enjoy sights and sounds. Stroll around the Gardens and enjoy the wonderful sights and sounds the luscious greenery offers. Perfect for families and nature lovers, the gardens provide a serene escape with diverse flora and fauna.",https://www.nparks.gov.sg/sbg/our-gardens,activity,https://www.nparks.gov.sg/sbg/our-gardens,TRUE,Free,Free entry,0,0,,Suitable for all ages,0,99,Available daily,"Available daily, 5am - 12am",1970-01-01T00:00:00,2099-12-31T23:59:00,Singapore Botanic Gardens,"Opposite 1, Tyersall Ave",Attraction,"[{""local_path"": ""events_output/event_1/images/user_uploads/Singapore_Botanic_Gardens__A_Lush_Sanctuary_1.jpg"", ""filename"": ""Singapore_Botanic_Gardens__A_Lush_Sanctuary_1.jpg"", ""original_url"": ""https://openverse.org/image/6c88a57e-bec8-4167-9b50-99b6a8de5077?q=singapore+botanical+gardens&p=4"", ""source_credit"": ""edwin.11""}, {""local_path"": ""events_output/event_1/images/user_uploads/Singapore_Botanic_Gardens__A_Lush_Sanctuary_2.jpg"", ""filename"": ""Singapore_Botanic_Gardens__A_Lush_Sanctuary_2.jpg"", ""original_url"": ""https://openverse.org/image/b91a74b7-38b9-43c2-8138-21a872fe0853?q=singapore+botanical+gardens&p=7"", ""source_credit"": ""Calvin Teo""}, {""local_path"": ""events_output/event_1/images/user_uploads/Singapore_Botanic_Gardens__A_Lush_Sanctuary_3.jpg"", ""filename"": ""Singapore_Botanic_Gardens__A_Lush_Sanctuary_3.jpg"", ""original_url"": ""https://openverse.org/image/b91a74b7-38b9-43c2-8138-21a872fe0853?q=singapore+botanical+gardens&p=7"", ""source_credit"": ""Calvin Teo""}]",103.8123031,1.3119665,TRUE,Central Region,Tanglin,,"garden, flower, floral, nature, trek, heritage"
231,Bird Paradise,Mandai Wildlife Group,Explore a world of avian wonders at Bird Paradise.,"Discover a vibrant sanctuary teeming with diverse bird species from around the globe. Immerse yourself in captivating exhibits, interactive experiences, and lush landscapes that showcase the beauty and importance of avian life. Perfect for families and nature enthusiasts, Bird Paradise offers an unforgettable journey into the world of birds, fostering appreciation and conservation awareness. Explore different geographical zones and witness spectacular bird shows. A family-friendly destination that combines education and entertainment, creating lasting memories for all ages. Enjoy interactive feeding sessions and learn about the unique adaptations of various bird species. This is an immersive experience for all.",https://www.mandai.com/en/bird-paradise.html,activity,https://www.mandai.com/en/bird-paradise.html,FALSE,From $27.20,From $27.20 - $49,27.2,27.2,49,Suitable for all ages,0,99,Available daily,"Available daily, 9am - 6pm",1970-01-01T00:00:00,2099-12-31T23:59:00,Bird Paradise,"20 Mandai Lake Rd, Singapore 729825",Attraction,"[{""local_path"": ""events_output/event_1/images/user_uploads/Bird_Paradise_1.jpg"", ""filename"": ""Bird_Paradise_1.jpg"", ""original_url"": ""https://www.mandai.com/en/bird-paradise.html"", ""source_credit"": ""mandai""}, {""local_path"": ""events_output/event_1/images/user_uploads/Bird_Paradise_2.jpg"", ""filename"": ""Bird_Paradise_2.jpg"", ""original_url"": ""https://www.mandai.com/en/bird-paradise.html"", ""source_credit"": ""mandai""}, {""local_path"": ""events_output/event_1/images/user_uploads/Bird_Paradise_3.jpg"", ""filename"": ""Bird_Paradise_3.jpg"", ""original_url"": ""https://www.mandai.com/en/bird-paradise.html"", ""source_credit"": ""mandai""}]",103.7812684,1.4071539,TRUE,North Region,Central Water Catchment,,"bird, nature, zoo, wildlife, safari, animals"
232,Singapore Flyer: An Immersive Journey in the Sky,Singapore Flyer,See Singapore’s Story Come Alive on An Immersive Journey,"Experience breathtaking panoramic views of Singapore's skyline and beyond from the Singapore Flyer. This iconic observation wheel offers a unique perspective of the city's landmarks, including Marina Bay Sands, Gardens by the Bay, and the Singapore River. Enjoy a leisurely ride in a spacious capsule, perfect for families and visitors of all ages. Discover the beauty of Singapore from a whole new angle, creating unforgettable memories with loved ones. The Singapore Flyer provides a captivating experience that showcases the city's vibrant culture and stunning architecture.",https://www.singaporeflyer.com/en,activity,https://www.singaporeflyer.com/en,FALSE,From $25,From $25 - $90,25,25,90,Suitable for all ages,0,99,Available daily,"Available daily, 10am - 10pm",1970-01-01T00:00:00,2099-12-31T23:59:00,Singapore Flyer,"30 Raffles Ave., Level 3, Singapore 039803",Attraction,"[{""local_path"": ""events_output/event_1/images/user_uploads/Singapore_Flyer__An_Immersive_Journey_in_the_Sky_1.png"", ""filename"": ""Singapore_Flyer__An_Immersive_Journey_in_the_Sky_1.png"", ""original_url"": ""https://www.singaporeflyer.com/en/ticket/singapore-flyer-ticket"", ""source_credit"": ""singaporeflyer""}, {""local_path"": ""events_output/event_1/images/user_uploads/Singapore_Flyer__An_Immersive_Journey_in_the_Sky_2.png"", ""filename"": ""Singapore_Flyer__An_Immersive_Journey_in_the_Sky_2.png"", ""original_url"": ""https://www.singaporeflyer.com/en/ticket/singapore-flyer-ticket"", ""source_credit"": ""singaporeflyer""}]",103.8630957,1.2892996,TRUE,Central Region,Downtown Core,,"ferris wheel, skyline, scenic"
233,"Nippon Koi Fish Farm, a serene aquatic haven",Nippon Koi Fish Farm,"Selling Japanese Koi since 1980, outside of Japan.","Nippon Koi Fish Farm, established in 1980, specializes in selling exclusively Japanese Koi, making it a long-standing dealer outside of Japan. The farm offers a comprehensive range of koi-related goods suitable for both Koi and ornamental ponds. Visitors are welcome to explore the farm, which has incorporated sustainable vegetable planting to enhance and innovate its practices. A must-try is their unique Spinach Ice Cream! The farm provides an engaging experience for families interested in aquatic life and sustainable farming practices, making it an ideal destination for a family outing.",https://www.kranjicountryside.com/attractions,activity,https://www.kranjicountryside.com/attractions,TRUE,Free,Free entry,0,0,0,Suitable for all ages,0,99,Available daily,"Available daily, 8:30am - 7pm",1970-01-01T00:00:00,2099-12-31T23:59:00,Nippon Koi Fish Farm,"51 Jln Lekar, Singapore 698946",Attraction,"[{""local_path"": ""events_output/event_1/images/user_uploads/Nippon_Koi_Fish_Farm__a_serene_aquatic_haven_1.jpg"", ""filename"": ""Nippon_Koi_Fish_Farm__a_serene_aquatic_haven_1.jpg"", ""original_url"": ""https://www.kranjicountryside.com/attractions"", ""source_credit"": ""kranjicountryside""}]",103.7220677,1.3813795,TRUE,West Region,Western Water Catchment,,"fish, koi, farm"
234,Kok Fah Technology Farm: Witness farm technology,Kok Fah Technology Farm,Family-owned business selling leafy vegetables for 40 years.,"Kok Fah Technology Farm is a local family-owned business that has been selling leafy vegetables in Singapore for the past 40 years. The daily operations are managed by the 3rd and 4th generations of the family, including Mr. Wong Kok Fah and his three brothers, who took over from their father in 1979. The farm is open for tours and features a bustling weekend market on its premises. Visitors can witness technology in farming and sustainability practices. This farm offers an educational experience for families, showcasing modern agricultural techniques and promoting sustainable living.",https://www.kranjicountryside.com/attractions,activity,https://www.kranjicountryside.com/attractions,TRUE,Free,"Free entry, $0.50 per fish feeding packet",0,0,0.5,Suitable for all ages,0,99,Recurring weekends,"Recurring weekends, 9am - 5pm",1970-01-01T00:00:00,2099-12-31T23:59:00,Kok Fah Technology Farm,"18 Sungei Tengah Rd, Singapore 698974",Attraction,"[{""local_path"": ""events_output/event_2/images/user_uploads/Kok_Fah_Technology_Farm__Witness_farm_technology_1.png"", ""filename"": ""Kok_Fah_Technology_Farm__Witness_farm_technology_1.png"", ""original_url"": ""https://kokfahfarm.com.sg/weekend-market/"", ""source_credit"": ""kokfahfarm""}, {""local_path"": ""events_output/event_2/images/user_uploads/Kok_Fah_Technology_Farm__Witness_farm_technology_2.jpeg"", ""filename"": ""Kok_Fah_Technology_Farm__Witness_farm_technology_2.jpeg"", ""original_url"": """", ""source_credit"": ""Mummysmarket""}, {""local_path"": ""events_output/event_2/images/user_uploads/Kok_Fah_Technology_Farm__Witness_farm_technology_3.jpeg"", ""filename"": ""Kok_Fah_Technology_Farm__Witness_farm_technology_3.jpeg"", ""original_url"": """", ""source_credit"": ""Mummysmarket""}]",103.7279903,1.3938405,TRUE,West Region,Western Water Catchment,,"vegetable, sustainable, farm, market"
235,Qian Hu Fish Farm Integrated Service Provider,Qian Hu Fish Farm,Integrated service provider of ornamental fish.,"Qian Hu Fish Farm Trading is one an integrated “one-stop” service provider ranging from farming, importing, exporting and distributing of ornamental fish. There are also Seafood retail areas at the farm. One of the most successful local farming business, Qian Hu Fish Farm also have recreational and play areas such as the Traditional Long Kang Fishing Experience and visitors can also have a guided tour when visiting. The farm offers a unique opportunity to learn about the ornamental fish industry and see the various stages of fish farming. Visitors can also enjoy recreational activities such as the Traditional Long Kang Fishing Experience.",https://www.kranjicountryside.com/attractions,activity,https://www.kranjicountryside.com/attractions,TRUE,Free + Paid options,"Free entry. Longkang fishing: $7 for 30 mins, $12 for 1 hour.",0,0,12,Suitable for all ages,0,99,Available daily,"Weekdays: 9am – 6pm, Weekends: 9am – 7pm",1970-01-01T00:00:00,2099-12-31T23:59:00,Qian Hu Fish Farm,"71 Jln Lekar, Singapore 698950",Attraction,"[{""local_path"": ""events_output/event_3/images/user_uploads/Qian_Hu_Fish_Farm_Integrated_Service_Provider_1.jpg"", ""filename"": ""Qian_Hu_Fish_Farm_Integrated_Service_Provider_1.jpg"", ""original_url"": ""https://qianhudiscover.com/visitors-info/"", ""source_credit"": ""qianhudiscover""}, {""local_path"": ""events_output/event_3/images/user_uploads/Qian_Hu_Fish_Farm_Integrated_Service_Provider_2.jpeg"", ""filename"": ""Qian_Hu_Fish_Farm_Integrated_Service_Provider_2.jpeg"", ""original_url"": ""https://qianhudiscover.com/visitors-info/"", ""source_credit"": ""qianhudiscover""}]",103.721658,1.385036,TRUE,West Region,Western Water Catchment,,"fish, farm"
236,Bollywood Farms: Countryside Surprises and Excitement,Bollywood Farms,"A farm full of surprises, excitement, and great fun!","Bollywood Farms, formerly known as Bollywood Veggies, started in 2000. The farm offers a range of surprises, excitement, and fun activities. It provides a unique countryside experience with a focus on local friendships and wider options. Visitors can explore the farm and enjoy the various offerings, making it a great destination for those seeking a fun and engaging experience. The farm is designed to be full of surprises and excitement, providing a memorable experience for all visitors. It's a place where families and friends can come together to enjoy the countryside.",https://www.kranjicountryside.com/attractions,activity,https://www.kranjicountryside.com/attractions,TRUE,Free + Paid options,Free entry. Dining options available,0,0,0,Suitable for all ages,0,99,Available daily (except Mon & Tue),"Wed – Fri:10am – 3pm, Weekends & PH: 7am – 6pm",1970-01-01T00:00:00,2099-12-31T23:59:00,Bollywood Farms,"100 Neo Tiew Rd, Singapore 719026",Attraction,"[{""local_path"": ""events_output/event_4/images/user_uploads/Bollywood_Farms__Countryside_Surprises_and_Excitement_1.png"", ""filename"": ""Bollywood_Farms__Countryside_Surprises_and_Excitement_1.png"", ""original_url"": ""https://bollywoodfarms.com/contact-us/"", ""source_credit"": ""bollywoodfarms""}]",103.7165168,1.4184872,TRUE,North Region,Lim Chu Kang,,"vegetable, sustainable, farm, market"
237,Orchidville: Premium Orchids and Event Management,Orchidville,International orchid exporter with restaurant and event facilities.,"Orchidville is a leading international exporter of premium quality commercial orchids with extensive distribution networks. In addition to orchids, Orchidville has expanded into the Food and Beverage industry with its own restaurant, Forrest, located on the premises. It also offers expertise in Event Management, providing facilities for conferences, events, and functions. Orchidville combines the beauty of orchids with dining and event services, making it a unique destination for various occasions. Visitors can enjoy the serene environment and explore the diverse offerings available.",https://www.kranjicountryside.com/attractions,activity,https://www.kranjicountryside.com/attractions,TRUE,Free + Paid options,Free entry. Dining options available,0,0,0,Suitable for all ages,0,99,Recurring weekends and PH,"Recurring weekends and PH, 8:30am - 5:30pm",1970-01-01T00:00:00,2099-12-31T23:59:00,Orchidville,"82 Sungei Tengah Rd, Singapore 698985",Attraction,"[{""local_path"": ""events_output/event_5/images/user_uploads/Orchidville__Premium_Orchids_and_Event_Management_1.jpg"", ""filename"": ""Orchidville__Premium_Orchids_and_Event_Management_1.jpg"", ""original_url"": ""https://www.orchidville.com.sg/"", ""source_credit"": ""orchidville""}, {""local_path"": ""events_output/event_5/images/user_uploads/Orchidville__Premium_Orchids_and_Event_Management_2.jpg"", ""filename"": ""Orchidville__Premium_Orchids_and_Event_Management_2.jpg"", ""original_url"": ""https://www.orchidville.com.sg/"", ""source_credit"": ""orchidville""}]",103.7321327,1.3887661,TRUE,West Region,Western Water Catchment,,"flower, nursery, farm"
238,Sungei Buloh Wetland Reserve Experience Nature,Sungei Buloh Wetland Reserve,Discover nature's beauty at Singapore’s first ASEAN park.,"Explore the rich biodiversity of Sungei Buloh Wetland Reserve, Singapore’s first ASEAN Heritage Park. Wander through the wetlands and an extensive mangrove forest. Originally opened as a Nature Park in 1993, 130 hectares were gazetted as a Nature Reserve in 2002. Perfect for families and nature enthusiasts, the reserve offers a unique opportunity to observe diverse flora and fauna in their natural habitat. Enjoy bird watching, guided walks, and educational exhibits suitable for all ages. Discover the wonders of the natural world in this serene and protected environment. A great place for kids to learn about nature.",https://www.kranjicountryside.com/attractions,activity,https://www.kranjicountryside.com/attractions,TRUE,Free,Free entry,0,0,0,Suitable for all ages,0,99,Available daily,"Available daily, 7am - 7pm",1970-01-01T00:00:00,2099-12-31T23:59:00,Sungei Buloh Wetland Reserve,"301 Neo Tiew Cres, 718925",Attraction,"[{""local_path"": ""events_output/event_6/images/user_uploads/Sungei_Buloh_Wetland_Reserve_Experience_Nature_1.jpg"", ""filename"": ""Sungei_Buloh_Wetland_Reserve_Experience_Nature_1.jpg"", ""original_url"": ""https://www.nparks.gov.sg/visit/parks/park-detail/sungei-buloh-wetland-reserve"", ""source_credit"": ""nparks""}, {""local_path"": ""events_output/event_6/images/user_uploads/Sungei_Buloh_Wetland_Reserve_Experience_Nature_2.jpg"", ""filename"": ""Sungei_Buloh_Wetland_Reserve_Experience_Nature_2.jpg"", ""original_url"": ""https://www.nparks.gov.sg/visit/parks/park-detail/sungei-buloh-wetland-reserve"", ""source_credit"": ""nparks""}, {""url"": ""https://www.kranjicountryside.com/Sungei%20Buloh%20Wetland%20Reserves%201.jpeg"", ""source_credit"": ""Sungei Buloh Wetland Reserve""}]",103.723404,1.4464304,TRUE,North Region,Lim Chu Kang,,"nature, trek, reserves, heritage"
239,Hay Dairies Goat Farm: Singapore's Only Goat Farm,Hay Dairies Goat Farm,Visit Singapore's only goat farm since 1988!,"Hay Dairies is Singapore's only goat farm since 1988, with over 800 goats of mixed breed from Minnesota, United States. Farm tours are available, and you can purchase fresh goat milk during your visit. It's a great place for families to learn about goat farming and interact with the animals. The farm offers an educational experience for children and adults alike, providing insights into the dairy farming process. Perfect for families looking for a unique and engaging outing. Suitable for all ages, offering a fun and educational experience for everyone.",https://www.kranjicountryside.com/attractions,activity,https://www.kranjicountryside.com/attractions,TRUE,Free + Paid options,Free entry. $5 per packet for goat feeding.,0,0,5,Suitable for all ages,0,99,Available daily (except Tue),"Available daily (except Tue), 9am - 4pm",1970-01-01T00:00:00,2099-12-31T23:59:00,Hay Dairies Goat Farm,"250 Neo Tiew Cres, Singapore 719866",Attraction,"[{""local_path"": ""events_output/event_7/images/user_uploads/Hay_Dairies_Goat_Farm__Singapore_s_Only_Goat_Farm_1.jpg"", ""filename"": ""Hay_Dairies_Goat_Farm__Singapore_s_Only_Goat_Farm_1.jpg"", ""original_url"": ""https://haydairies.sg/gallery/#iLightbox[gallery_image_1]/1"", ""source_credit"": ""haydairies""}, {""local_path"": ""events_output/event_7/images/user_uploads/Hay_Dairies_Goat_Farm__Singapore_s_Only_Goat_Farm_2.jpeg"", ""filename"": ""Hay_Dairies_Goat_Farm__Singapore_s_Only_Goat_Farm_2.jpeg"", ""original_url"": """", ""source_credit"": ""Mummysmarket""}, {""local_path"": ""events_output/event_7/images/user_uploads/Hay_Dairies_Goat_Farm__Singapore_s_Only_Goat_Farm_3.jpeg"", ""filename"": ""Hay_Dairies_Goat_Farm__Singapore_s_Only_Goat_Farm_3.jpeg"", ""original_url"": """", ""source_credit"": ""Mummysmarket""}]",103.7304524,1.4446057,TRUE,North Region,Lim Chu Kang,,"goat, farm, feed, milk"
240,Wings of Time Fireworks Symphony at Sentosa,Sentosa,A mesmerizing night show about friendship and courage.,"Wings of Time Fireworks Symphony is the only daily fireworks show in Singapore, combining water, laser, fire, and music to create a breathtaking spectacle. Situated on Siloso Beach, this award-winning show promises an unforgettable experience for all ages. Enjoy spellbinding laser, fire, and water effects set to a majestic soundtrack, complete with a jaw-dropping fireworks display. It's a fitting end to a day out at Sentosa, offering an awe-inspiring performance for families and visitors.",https://www.sentosa.com.sg/en/things-to-do/attractions/wings-of-time/,activity,https://www.sentosa.com.sg/en/things-to-do/attractions/wings-of-time/,FALSE,From $22,$22,22,22,22,Suitable for all ages,0,99,Available daily,"Available daily, 7.40pm & 8.40pm",1970-01-01T00:00:00,2099-12-31T23:59:00,Siloso Beach,"60 Siloso Bch Walk, 098997",Attraction,"[{""local_path"": ""events_output/event_1/images/user_uploads/Wings_of_Time_Fireworks_Symphony_at_Sentosa_1.jpg"", ""filename"": ""Wings_of_Time_Fireworks_Symphony_at_Sentosa_1.jpg"", ""original_url"": ""https://www.sentosa.com.sg/en/things-to-do/attractions/wings-of-time/"", ""source_credit"": ""sentosa""}, {""local_path"": ""events_output/event_1/images/user_uploads/Wings_of_Time_Fireworks_Symphony_at_Sentosa_2.jpg"", ""filename"": ""Wings_of_Time_Fireworks_Symphony_at_Sentosa_2.jpg"", ""original_url"": ""https://www.sentosa.com.sg/en/things-to-do/attractions/wings-of-time/"", ""source_credit"": ""sentosa""}, {""local_path"": ""events_output/event_1/images/user_uploads/Wings_of_Time_Fireworks_Symphony_at_Sentosa_3.jpg"", ""filename"": ""Wings_of_Time_Fireworks_Symphony_at_Sentosa_3.jpg"", ""original_url"": ""https://www.sentosa.com.sg/en/things-to-do/attractions/wings-of-time/"", ""source_credit"": ""sentosa""}]",103.8170772,1.2513337,TRUE,Central Region,Southern Islands,,"show, light, spectacular, mesmerising, fireworks"
241,Explore the wonders at Singapore Oceanarium today,Singapore Oceanarium,Plan your visit to the amazing Singapore Oceanarium.,"Discover diverse marine habitats and fascinating sea creatures at the Singapore Oceanarium. Explore various zones, from shallow waters to the deep abyss, and learn about marine life conservation. Enjoy immersive programmes, augmented and virtual reality experiences, and dining options. The Oceanarium offers an educational and entertaining experience for families and visitors of all ages, with daily schedules, visitor guides, and accessibility information available. Go beyond the surface with an expert-led tour of iconic zones, behind-the-scenes insights and more. Witness a feeding session.",https://www.singaporeoceanarium.com/en.html?utm_source=google&utm_medium=cpc&utm_campaign=22769479864&utm_term=oceanarium&utm_content=762643183436&utm_network=g&utm_placement=&gad_source=1&gad_campaignid=22769479864&gbraid=0AAAAA-5YMuZhZl38ur9QCViQFhYRTGKtu&gclid=CjwKCAjwq9rFBhAIEiwAGVAZP2bko7q_I4K6H7enWJ9jaAILk9KLI4NyC_3sf7d4eM7hs_5IMeZJgRoCUa4QAvD_BwE,activity,https://www.singaporeoceanarium.com/en.html?utm_source=google&utm_medium=cpc&utm_campaign=22769479864&utm_term=oceanarium&utm_content=762643183436&utm_network=g&utm_placement=&gad_source=1&gad_campaignid=22769479864&gbraid=0AAAAA-5YMuZhZl38ur9QCViQFhYRTGKtu&gclid=CjwKCAjwq9rFBhAIEiwAGVAZP2bko7q_I4K6H7enWJ9jaAILk9KLI4NyC_3sf7d4eM7hs_5IMeZJgRoCUa4QAvD_BwE,FALSE,From $35,From $35 - $55,35,35,55,Suitable for all ages,0,99,Available daily,"Weekdays: 10am - 7pm, Weekends: 9am - 9pm",1970-01-01T00:00:00,2099-12-31T23:59:00,Singapore Oceanarium,"24 Sentosa Gateway, Sentosa Island, 098137",Attraction,"[{""local_path"": ""events_output/event_1/images/user_uploads/Explore_the_wonders_at_Singapore_Oceanarium_today_1.jpg"", ""filename"": ""Explore_the_wonders_at_Singapore_Oceanarium_today_1.jpg"", ""original_url"": ""https://www.singaporeoceanarium.com/en.html?utm_source=google&utm_medium=cpc&utm_campaign=22769479864&utm_term=oceanarium&utm_content=762643183436&utm_network=g&utm_placement=&gad_source=1&gad_campaignid=22769479864&gbraid=0AAAAA-5YMuZhZl38ur9QCViQFhYRTGKtu&gclid=CjwKCAjwq9rFBhAIEiwAGVAZP2bko7q_I4K6H7enWJ9jaAILk9KLI4NyC_3sf7d4eM7hs_5IMeZJgRoCUa4QAvD_BwE"", ""source_credit"": ""singaporeoceanarium""}, {""url"": ""https://www.singaporeoceanarium.com/content/dam/sgo/images-and-videos/visit/programmes/educational/sgo-insider-experience/sgo-insider-experience-compressed.png"", ""source_credit"": ""Singapore Oceanarium""}, {""url"": ""https://www.singaporeoceanarium.com/content/dam/sgo/images-and-videos/visit/programmes/educational/animal-spotlight-sea-jellies/animal-spotlight-sea-jellies-compressed.png"", ""source_credit"": ""Singapore Oceanarium""}]",103.8205147,1.2583209,TRUE,Central Region,Southern Islands,,"aquarium, fish, shark, stingray, spacious, indoor, immersive"
242,Universal Studios Singapore,Resorts World Sentosa,"Experience cutting-edge rides, shows, and attractions.","Immerse yourself in a world of cinematic thrills at Universal Studios Singapore. Featuring cutting-edge rides, shows, and attractions based on blockbuster films and television series, the park offers a variety of themed zones, including Ancient Egypt, Lost World, and Far Far Away. Enjoy thrilling roller coasters, captivating live performances, and interactive experiences suitable for families and thrill-seekers alike. Explore the magic of the movies and create unforgettable memories in this world-class theme park. Perfect for families and movie enthusiasts.",https://www.rwsentosa.com/en/play/universal-studios-singapore?utm_source=google&utm_medium=cpc&utm_campaign=22693722680&utm_term=&utm_content=&utm_network=x&utm_placement=&gad_source=1&gad_campaignid=22687810002&gbraid=0AAAAA-2s2afrGwiBcKan5GOzrxt0l-v33&gclid=CjwKCAjw2vTFBhAuEiwAFaScwie6h6D3WmcNFCJ3cvwbfr6SvGdfmSgP4WXfMlb1Q7jwbz0u-4NajhoCyvQQAvD_BwE,activity,https://www.rwsentosa.com/en/play/universal-studios-singapore?utm_source=google&utm_medium=cpc&utm_campaign=22693722680&utm_term=&utm_content=&utm_network=x&utm_placement=&gad_source=1&gad_campaignid=22687810002&gbraid=0AAAAA-2s2afrGwiBcKan5GOzrxt0l-v33&gclid=CjwKCAjw2vTFBhAuEiwAFaScwie6h6D3WmcNFCJ3cvwbfr6SvGdfmSgP4WXfMlb1Q7jwbz0u-4NajhoCyvQQAvD_BwE,FALSE,From $59,From $59 - $79,59,59,79,Suitable for all ages,0,99,Available daily,"Available daily, 10am- 5pm",1970-01-01T00:00:00,2099-12-31T23:59:00,Universal Studios Singapore,"8 Sentosa Gateway, 098269",Attraction,"[{""local_path"": ""events_output/event_1/images/user_uploads/Universal_Studios_Singapore_1.jpg"", ""filename"": ""Universal_Studios_Singapore_1.jpg"", ""original_url"": ""https://openverse.org/image/c97d479e-09ed-41f7-a74e-309c5b12e5a7?q=universal+studios+singapore&p=1"", ""source_credit"": ""w3i_yu""}, {""local_path"": ""events_output/event_1/images/user_uploads/Universal_Studios_Singapore_2.jpg"", ""filename"": ""Universal_Studios_Singapore_2.jpg"", ""original_url"": ""https://openverse.org/image/4f9de6e4-9f41-48d3-b854-719af8267489?q=universal+studios+singapore&p=20"", ""source_credit"": ""evelynlimcoach""}]",103.8238084,1.2540421,TRUE,Central Region,Southern Islands,,"theme park, roller coaster, mascot, character, thrilling, immersive, fun, experience"
243,Singapore Discovery Centre,Singapore Discovery Centre,"Discover Singapore's past, present and future.","Singapore Discovery Centre offers a variety of attractions and activities suitable for families and kids. Explore interactive exhibits showcasing Singapore's history and future, engage in thrilling rides, and enjoy educational shows. The centre features attractions such as the iWERKS Theatre, Battle Box, and various exhibitions that provide insights into Singapore's heritage and development. It's an engaging destination for families looking to learn and have fun together through interactive and immersive experiences. Perfect for a family day out, the Singapore Discovery Centre combines education with entertainment, making it a memorable experience for all ages.",https://www.defencecollectivesg.com/sdc/,activity,https://www.defencecollectivesg.com/sdc/,FALSE,From $8,From $8 to $10,8,8,10,Suitable for all ages,0,99,Available daily,"Weekdays: 12pm - 6pm, Weekends & PH & School Holidays: 11am - 7pm",1970-01-01T00:00:00,2099-12-31T23:59:00,Singapore Discovery Centre,"510 Upper Jurong Rd, Singapore 638365",Attraction,"[{""url"": ""https://www.defencecollectivesg.com/wp-content/uploads/2022/05/SDC_BG_Facade_Day-10.jpg"", ""source_credit"": ""Singapore Discovery Centre""}, {""url"": ""https://www.defencecollectivesg.com/wp-content/uploads/2022/05/SDC_BG_The_Beginnings-1.jpg"", ""source_credit"": ""Singapore Discovery Centre""}, {""url"": ""https://www.defencecollectivesg.com/wp-content/uploads/2022/05/iWERKS-theatre-1.jpg"", ""source_credit"": ""Singapore Discovery Centre""}, {""url"": ""https://www.defencecollectivesg.com/wp-content/uploads/2022/05/SDC_BG_BLLB-1-1.jpg"", ""source_credit"": ""Singapore Discovery Centre""}, {""url"": ""https://www.defencecollectivesg.com/wp-content/uploads/2022/09/BLF-Escape-Room-The-Basement-scaled.jpg"", ""source_credit"": ""Singapore Discovery Centre""}]",103.6789432,1.3326904,TRUE,West Region,Jurong West,,"discover, gallery, museum, educational"
244,River Wonders: Wildlife and River Adventure Awaits,Mandai Wildlife Group,Explore aquatic habitats and wildlife encounters today!,"Embark on a captivating journey through River Wonders, where you'll discover the fascinating world of freshwater ecosystems and their inhabitants. Explore themed zones showcasing iconic rivers like the Amazon, Nile, and Mekong, encountering diverse wildlife along the way. Marvel at giant pandas, playful monkeys, and graceful manatees in immersive habitats. Enjoy interactive exhibits, educational presentations, and thrilling boat rides that bring you closer to nature. River Wonders offers an unforgettable experience for families and nature enthusiasts of all ages, fostering appreciation for conservation and biodiversity.",https://www.mandai.com/en/river-wonders.html,activity,https://www.mandai.com/en/river-wonders.html,FALSE,From $26.40,From $26.40 - $45,26.4,26.4,45,Suitable for all ages,0,99,Available daily,"Available daily, 10am – 7pm",1970-01-01T00:00:00,2099-12-31T23:59:00,River Wonders,"80 Mandai Lake Rd, Singapore 729826",Attraction,"[{""local_path"": ""events_output/event_1/images/user_uploads/River_Wonders__Wildlife_and_River_Adventure_Awaits_1.jpg"", ""filename"": ""River_Wonders__Wildlife_and_River_Adventure_Awaits_1.jpg"", ""original_url"": ""https://www.mandai.com/en/river-wonders.html"", ""source_credit"": ""mandai""}, {""local_path"": ""events_output/event_1/images/user_uploads/River_Wonders__Wildlife_and_River_Adventure_Awaits_2.jpg"", ""filename"": ""River_Wonders__Wildlife_and_River_Adventure_Awaits_2.jpg"", ""original_url"": ""https://www.mandai.com/en/river-wonders.html"", ""source_credit"": ""mandai""}, {""local_path"": ""events_output/event_1/images/user_uploads/River_Wonders__Wildlife_and_River_Adventure_Awaits_3.jpg"", ""filename"": ""River_Wonders__Wildlife_and_River_Adventure_Awaits_3.jpg"", ""original_url"": ""https://www.mandai.com/en/river-wonders.html"", ""source_credit"": ""mandai""}]",103.792602,1.4036761,TRUE,North Region,Central Water Catchment,,"manatee, panda, fish, animals, nature, zoo, wildlife, safari"
245,Children's Museum Singapore: Fun For Everyone!,Children's Museum Singapore,Fun activities for everyone at Children's Museum.,"The Children's Museum Singapore offers a variety of engaging and educational exhibits designed for children of all ages. With interactive displays and hands-on activities, kids can explore different cultures, learn about history, and discover the world around them. The museum features themed galleries that cater to various interests, from art and science to nature and technology. Families can enjoy a fun-filled day of learning and play together, creating lasting memories. The museum aims to inspire curiosity, creativity, and a love for learning in children through its immersive and interactive environment. Perfect for a family day out.",https://www.heritage.sg/childrensmuseum,activity,https://www.heritage.sg/childrensmuseum,TRUE,Free,"Free for Singaporeans & PR, Foreign residents from $10 - $40",0,0,40,2 to 12 years old (Adults are only allowed in the museum when accompanying children),2,12,Available daily (except Mon),"Available daily (except Mon), 9am - 5:45pm (bookings required)",1970-01-01T00:00:00,2099-12-31T23:59:00,Children's Museum Singapore,"23-B Coleman St, Singapore 179807","Attraction, Indoor Playground","[{""local_path"": ""events_output/event_1/images/user_uploads/Children_s_Museum_Singapore__Fun_For_Everyone__1.png"", ""filename"": ""Children_s_Museum_Singapore__Fun_For_Everyone__1.png"", ""original_url"": ""https://www.heritage.sg/childrensmuseum"", ""source_credit"": ""heritage""}, {""local_path"": ""events_output/event_1/images/user_uploads/Children_s_Museum_Singapore__Fun_For_Everyone__2.jpg"", ""filename"": ""Children_s_Museum_Singapore__Fun_For_Everyone__2.jpg"", ""original_url"": ""https://www.heritage.sg/childrensmuseum"", ""source_credit"": ""heritage""}, {""local_path"": ""events_output/event_1/images/user_uploads/Children_s_Museum_Singapore__Fun_For_Everyone__3.JPG"", ""filename"": ""Children_s_Museum_Singapore__Fun_For_Everyone__3.JPG"", ""original_url"": ""https://www.heritage.sg/childrensmuseum"", ""source_credit"": ""heritage""}]",103.8487246,1.2929269,TRUE,Central Region,Museum,,"museum, indoor, kid, play"
246,Singapore Flyer: Free entry for kids during school holidays,Singapore Flyer,Explore Singapore's story with panoramic city views.,"Embark on an exciting journey through Singapore’s story. Explore Singapore’s fascinating story and enjoy a spectacular family time with your loved ones. Begin your journey with centuries of rich history through the corridors of Time Capsule, an immersive prelude blending interactive exhibits and cinematic storytelling with a personalised web app experience. Your adventure continues aboard the Singapore Flyer, where panoramic views from 165 metres above reveal the city's inspiring transformation. Unlock extra fun on board with the FLYER360 mobile app powered by augmented reality (AR).",https://www.singaporeflyer.com/en/ticket/free-entry-for-kids,event,https://www.singaporeflyer.com/en/ticket/free-entry-for-kids,FALSE,From $40,$40 for 1 adult + 1 child (Singapore resident/PR only),40,40,40,3 years old and above,3,99,01 Sep - 12 Oct,"01 September 2025 - 12 October 2025, 10am - 9:30pm",2025-09-01T10:00:00,2025-10-12T21:30:00,Singapore Flyer,"30 Raffles Ave., Level 3 Singapore Flyer, Singapore 039803",Attraction,"[{""url"": ""https://www.singaporeflyer.com/storage/tickets/September2025/TmvysD8h3px7bRLacjPS.png"", ""source_credit"": ""Singapore Flyer""}, {""url"": ""https://www.singaporeflyer.com/storage/tickets/September2025/6TgwgYo37foi4VTm8dAr.jpg"", ""source_credit"": ""Singapore Flyer""}, {""url"": ""https://www.singaporeflyer.com/storage/tickets/September2025/LJU4WL4lgpTdbug7fK8d.jpg"", ""source_credit"": ""Singapore Flyer""}]",103.8632483,1.2895301,TRUE,Central Region,Downtown Core,,"ferris wheel, skyline, scenic"
247,Nature Kindred (Indoor) Kid Farm Adventures,Nature Kindred,Parent-child bonding adventures at Nature Kindred.,"Nature Kindred offers unique experiences through nature activities. Join us for meaningful parent-child bonding adventures at our Indoor Kid Farm. Open every Saturday, Sunday & Certain Public holidays. Time slot: 10.30am -5.30pm. Activities include interacting with farm animals, learning about nature, and engaging in fun, educational play. Perfect for families looking to spend quality time together in a natural setting. Our farm provides a safe and stimulating environment for children to explore and discover the wonders of nature. We offer a variety of hands-on experiences that promote learning and development.",https://www.naturekindred.com/experience-1,activity,https://www.naturekindred.com/experience-1,TRUE,Free + Paid options,"Free entry, activities varies from $18 - $118",0,0,118,12 years old and below,0,12,Recurring weekends,"Recurring weekends and selected PH, 10.30am -5.30pm",1970-01-01T00:00:00,2099-12-31T23:59:00,Nature Kindred (Indoor) Kid Farm,"65 Sungei Tengah Rd, Singapore 699000",Attraction,"[{""local_path"": ""events_output/event_1/images/user_uploads/Nature_Kindred__Indoor__Kid_Farm_Adventures_1.webp"", ""filename"": ""Nature_Kindred__Indoor__Kid_Farm_Adventures_1.webp"", ""original_url"": ""https://www.naturekindred.com/gallery#57baeca670b22"", ""source_credit"": ""naturekindred""}, {""local_path"": ""events_output/event_1/images/user_uploads/Nature_Kindred__Indoor__Kid_Farm_Adventures_2.webp"", ""filename"": ""Nature_Kindred__Indoor__Kid_Farm_Adventures_2.webp"", ""original_url"": ""https://www.naturekindred.com/gallery#57baeca670b22"", ""source_credit"": ""naturekindred""}, {""local_path"": ""events_output/event_1/images/user_uploads/Nature_Kindred__Indoor__Kid_Farm_Adventures_3.webp"", ""filename"": ""Nature_Kindred__Indoor__Kid_Farm_Adventures_3.webp"", ""original_url"": ""https://www.naturekindred.com/gallery#57baeca670b22"", ""source_credit"": ""naturekindred""}]",103.726462,1.384622,TRUE,West Region,Western Water Catchment,,"educational, nature"
248,Dig Dig Land,Nature Kindred,Hands-on construction play for curious kids,"Get ready for a one-of-a-kind construction adventure! Dig Dig Land is an outdoor playground where kids can live out their builder dreams across seven exciting zones. Little ones can hop into kid-sized excavators and cranes to scoop, lift, and move just like real construction pros. They’ll love digging and sculpting in the sand pits, zooming around in ride-on trucks, or trying their hand at remote-controlled vehicles. For imaginative play, there’s a mini workshed with safe tools and even a fish-tank DIY station to switch things up. With so much to explore, Dig Dig Land is the ultimate spot for kids to dig, drive, and discover through hands-on fun!",https://www.naturekindred.com/experience-1,activity,https://www.naturekindred.com/work-zone#,FALSE,From $38,$38,38,38,38,12 years old and below,0,12,Recurring Fri and Weekends,"Fri: 4.30pm & 6pm, Weekends & selected PH: 9am - 6pm",1970-01-01T00:00:00,2099-12-31T23:59:00,Dig dig land,"2 Jurong Gateway Rd, Singapore 608512",Outdoor Playground,[],103.7454898,1.3369589,TRUE,West Region,Jurong East,,"construction, excavator, crane, play, nature, outdoor"
249,Rainforest Wild Asia ,Mandai Wildlife Group,Go wild this SG60 Let’s go wild together this SG60!,"Explore the wonders of Rainforest Wild Asia with roarsome deals and experiences. Discover diverse wildlife and immerse yourself in the beauty of nature. Perfect for families and nature enthusiasts seeking an unforgettable adventure. Enjoy interactive exhibits, captivating shows, and up-close encounters with fascinating animals. Create lasting memories as you embark on a journey through lush rainforests and vibrant ecosystems. ",https://www.mandai.com/en/rainforest-wild-asia.html,activity,https://www.mandai.com/en/rainforest-wild-asia.html,FALSE,From $26.40,From $26.40 - $45,26.4,26.4,45,Suitable for all ages,0,99,Available daily,"Available daily, 9am - 6pm",1970-01-01T00:00:00,2099-12-31T23:59:00,Rainforest Wild Asia,"20 Mandai Lake Rd, Singapore 729825",Attraction,"[{""local_path"": ""events_output/event_1/images/user_uploads/Rainforest_Wild_Asia__1.jpg"", ""filename"": ""Rainforest_Wild_Asia__1.jpg"", ""original_url"": ""https://www.mandai.com/en/see-and-do/treks-and-trails/rainforest-wild-asia/forest-treks.html"", ""source_credit"": ""mandai""}, {""local_path"": ""events_output/event_1/images/user_uploads/Rainforest_Wild_Asia__2.jpg"", ""filename"": ""Rainforest_Wild_Asia__2.jpg"", ""original_url"": ""https://www.mandai.com/en/see-and-do/treks-and-trails/rainforest-wild-asia/forest-treks.html"", ""source_credit"": ""mandai""}, {""url"": ""https://www.mandai.com/content/dam/mandai/rainforest-wild-asia/events-and-promotions/your-love-meets-the-wild/your-love-meets-the-wild-desktop-1920x894.jpg.transform/compress/resize1280/img.jpg"", ""source_credit"": ""Mandai Wildlife Group""}]",103.7809305,1.4092358,TRUE,North Region,Central Water Catchment,,"animals, nature, zoo, wildlife, safari, immersive"
250,Night Safari Singapore Wildlife Experience,Mandai Wildlife Group,Experience wildlife in their nocturnal environment.,"Embark on a fascinating journey into the world of nocturnal animals at Night Safari. Observe a diverse range of creatures in their naturalistic habitats under the cover of darkness. The Night Safari offers an immersive experience for families and wildlife enthusiasts, showcasing the unique behaviors of animals that are active at night. Explore walking trails and enjoy the Creatures of the Night Show for an unforgettable adventure. Perfect for families and individuals interested in wildlife and conservation.",https://www.mandai.com/en/night-safari.html,activity,https://www.mandai.com/en/night-safari.html,FALSE,From $32.80,From $32.80 - $58,32.8,32.8,58,Suitable for all ages,0,99,Available daily,"Available daily, 6:30pm – 12am",1970-01-01T00:00:00,2099-12-31T23:59:00,Night Safari,"80 Mandai Lake Rd, Singapore 729826",Attraction,"[{""local_path"": ""events_output/event_1/images/user_uploads/Night_Safari_Singapore_Wildlife_Experience_1.jpg"", ""filename"": ""Night_Safari_Singapore_Wildlife_Experience_1.jpg"", ""original_url"": ""https://www.mandai.com/en/night-safari.html"", ""source_credit"": ""mandai""}, {""local_path"": ""events_output/event_1/images/user_uploads/Night_Safari_Singapore_Wildlife_Experience_2.jpg"", ""filename"": ""Night_Safari_Singapore_Wildlife_Experience_2.jpg"", ""original_url"": ""https://www.mandai.com/en/night-safari.html"", ""source_credit"": ""mandai""}]",103.7880606,1.4021872,TRUE,North Region,Central Water Catchment,,"animals, nature, zoo, wildlife, safari"
251,Adventure Cove Waterpark: Thrilling Water Slides,Adventure Cove,Have a splashing good time at Adventure Cove!,"Experience thrilling water slides, snorkel with fishes, and relax on the lazy river. Adventure Cove Waterpark offers a variety of aquatic adventures suitable for families and thrill-seekers alike. From high-speed slides to gentle currents, there's something for everyone to enjoy. Explore marine life, soak up the sun, and create unforgettable memories. Perfect for a day of family fun and excitement. Enjoy the wave pool and various dining options available within the park. A great way to cool off and have an amazing time with your loved ones.",https://www.visitsingapore.com/things-to-do/top-things-to-do/?anchorid=family-fun,activity,https://www.visitsingapore.com/things-to-do/top-things-to-do/?anchorid=family-fun,TRUE,Free + Paid options,From $28 - $40 (Free for child below 4 years old),28,28,40,4 years old and above,4,99,Available daily,"Available daily, 10am - 5pm",1970-01-01T00:00:00,2099-12-31T23:59:00,Adventure Cove Waterpark,"14 Sentosa Gateway, Sentosa Island, 098132","Attraction, Outdoor Playground","[{""local_path"": ""events_output/event_1/images/user_uploads/Adventure_Cove_Waterpark__Thrilling_Water_Slides_1.jpg"", ""filename"": ""Adventure_Cove_Waterpark__Thrilling_Water_Slides_1.jpg"", ""original_url"": ""https://www.sentosa.com.sg/en/things-to-do/attractions/adventure-cove-waterpark/"", ""source_credit"": ""sentosa""}, {""local_path"": ""events_output/event_1/images/user_uploads/Adventure_Cove_Waterpark__Thrilling_Water_Slides_2.jpg"", ""filename"": ""Adventure_Cove_Waterpark__Thrilling_Water_Slides_2.jpg"", ""original_url"": ""https://www.sentosa.com.sg/en/things-to-do/attractions/adventure-cove-waterpark/"", ""source_credit"": ""sentosa""}, {""local_path"": ""events_output/event_1/images/user_uploads/Adventure_Cove_Waterpark__Thrilling_Water_Slides_3.jpg"", ""filename"": ""Adventure_Cove_Waterpark__Thrilling_Water_Slides_3.jpg"", ""original_url"": ""https://www.sentosa.com.sg/en/things-to-do/attractions/adventure-cove-waterpark/"", ""source_credit"": ""sentosa""}]",103.8196847,1.2587643,TRUE,Central Region,Southern Islands,Water play,"water, theme park, wet"
252,Wild Wild Wet: Water Park Adventure,Wild Wild Wet,"Slide, splash and have an exciting water park adventure!","With endless excitement for the whole family. Wild Wild Wet offers a variety of thrilling water rides and attractions suitable for all ages. Perfect for families looking for a fun and exciting day out. Enjoy the various slides, pools, and water play areas available throughout the park. A great way to cool off and have an amazing time with your loved ones. Experience the thrill of high-speed slides and the relaxation of lazy rivers. Discover the excitement and adventure that awaits you at Wild Wild Wet. A perfect destination for a day of family fun.",https://www.visitsingapore.com/things-to-do/top-things-to-do/?anchorid=family-fun,activity,https://www.visitsingapore.com/things-to-do/top-things-to-do/?anchorid=family-fun,TRUE,Free + Paid options,From $21 - $39 (Free for child below 3 years old),21,21,39,3 years old and above,3,99,Available daily (except Tue),"Weekdays (except Tue): 12pm - 6pm, Weekends/School Holidays/PH: 11am - 6pm",1970-01-01T00:00:00,2099-12-31T23:59:00,Wild Wild Wet,"1 Pasir Ris Cl, Singapore 519599","Attraction, Outdoor Playground","[{""local_path"": ""events_output/event_2/images/user_uploads/Wild_Wild_Wet__Water_Park_Adventure_1.jpg"", ""filename"": ""Wild_Wild_Wet__Water_Park_Adventure_1.jpg"", ""original_url"": ""https://www.wildwildwet.com/explore/rides-attractions/details/sea-the-world"", ""source_credit"": ""wildwildwet""}, {""local_path"": ""events_output/event_2/images/user_uploads/Wild_Wild_Wet__Water_Park_Adventure_2.jpg"", ""filename"": ""Wild_Wild_Wet__Water_Park_Adventure_2.jpg"", ""original_url"": ""https://www.wildwildwet.com/explore/rides-attractions/details/sea-the-world"", ""source_credit"": ""wildwildwet""}, {""local_path"": ""events_output/event_2/images/user_uploads/Wild_Wild_Wet__Water_Park_Adventure_3.jpg"", ""filename"": ""Wild_Wild_Wet__Water_Park_Adventure_3.jpg"", ""original_url"": ""https://www.wildwildwet.com/explore/rides-attractions/details/sea-the-world"", ""source_credit"": ""wildwildwet""}, {""local_path"": ""events_output/event_2/images/user_uploads/Wild_Wild_Wet__Water_Park_Adventure_4.jpg"", ""filename"": ""Wild_Wild_Wet__Water_Park_Adventure_4.jpg"", ""original_url"": ""https://www.wildwildwet.com/explore/rides-attractions/details/sea-the-world"", ""source_credit"": ""wildwildwet""}]",103.9544243,1.3775946,TRUE,East Region,Pasir Ris,Water play,"water, theme park, wet"
253,Bounce Singapore: Trampoline Fun for All,Bounce Singapore,"Bounce, flip and play on trampolines!","Bringing active fun to the whole family. Bounce Singapore offers a variety of trampoline activities and attractions suitable for all ages. Perfect for families looking for a fun and energetic day out. Enjoy the various trampoline courts, obstacle courses, and other activities available throughout the venue. A great way to get active and have an amazing time with your loved ones. Experience the thrill of bouncing and flipping in a safe and controlled environment. Discover the excitement and adventure that awaits you at Bounce Singapore. A perfect destination for a day of family fun.",https://www.visitsingapore.com/things-to-do/top-things-to-do/?anchorid=family-fun,activity,https://www.visitsingapore.com/things-to-do/top-things-to-do/?anchorid=family-fun,FALSE,From $19,From $19 - $27.20,19,19,27.2,3 years old and above,3,99,Available daily,"Mon - Thu: 10am – 8pm, Fri: 10am – 9pm, Sat/PH: 9pm – 9pm, Sun: 9am – 8pm",1970-01-01T00:00:00,2099-12-31T23:59:00,Bounce Singapore,"8 Grange Rd, #09-01 Cineleisure basement car park, 8 Grange Rd, #09-01 cineleisure, Singapore 239695",Indoor Playground,"[{""local_path"": ""events_output/event_3/images/user_uploads/Bounce_Singapore__Trampoline_Fun_for_All_1.jpg"", ""filename"": ""Bounce_Singapore__Trampoline_Fun_for_All_1.jpg"", ""original_url"": ""https://www.visitsingapore.com/things-to-do/top-things-to-do/?anchorid=family-fun"", ""source_credit"": ""visitsingapore""}]",103.8363889,1.3014889,TRUE,Central Region,Orchard,,"trampoline, jump, bounce"
254,Science Centre Singapore Scientific Institution,Science Centre Singapore,Promotion of science and tech education for public.,"The Science Centre Singapore is dedicated to promoting scientific and technological education for the general public. Located in Jurong East, it offers a variety of exhibitions, activities, and workshops designed to engage visitors of all ages. Key attractions include KidsSTOP™, Omni-Theatre, Snow City, and E.S.C. - ESCAPE @ SCIENCE CENTRE. The centre also hosts science shows, demonstrations, and competitions. With a focus on interactive learning, the Science Centre aims to inspire curiosity and foster a deeper understanding of science and technology among families and children. It provides various programmes for schools and corporate groups, ensuring an enriching experience for everyone.",https://www.science.edu.sg/,activity,https://www.science.edu.sg/,FALSE,From $4,From $4 - $12,4,4,12,Suitable for all ages,0,99,Available daily (except Mon),"Available daily (except Mon), 10am - 5pm",1970-01-01T00:00:00,2099-12-31T23:59:00,Science Centre Singapore,"15 Science Centre Rd, Singapore 609081",Attraction,"[{""local_path"": ""events_output/event_1/images/user_uploads/Science_Centre_Singapore_Scientific_Institution_1.jpg"", ""filename"": ""Science_Centre_Singapore_Scientific_Institution_1.jpg"", ""original_url"": ""https://www.science.edu.sg/whats-on/exhibitions/urban-mutations"", ""source_credit"": ""science""}]",103.7356443,1.3331687,TRUE,West Region,Jurong East,,"educational, science"
255,Omni-Theatre: Immersive Dome Screen Experience,Science Centre Singapore,Experience movies on a large format dome screen!,"The Omni-Theatre at Science Centre Singapore offers an immersive cinematic experience on a large format dome screen. Featuring a variety of educational and entertaining films, the Omni-Theatre transports viewers to different worlds and allows them to explore science and nature in a unique and engaging way. With its state-of-the-art projection and sound systems, the Omni-Theatre provides a captivating experience for audiences of all ages. Perfect for families and movie enthusiasts, the Omni-Theatre offers a memorable and educational outing. Discover the wonders of the universe on a giant dome screen.",https://www.science.edu.sg/,activity,https://www.science.edu.sg/,FALSE,From $6,From $6 - $14,6,6,14,7 years old and above,7,99,Available daily,"Available daily, 10am - 6pm",1970-01-01T00:00:00,2099-12-31T23:59:00,Omni-Theatre,"21 Jurong Town Hall Rd, Singapore 609433",Attraction,"[{""local_path"": ""events_output/event_2/images/user_uploads/Omni_Theatre__Immersive_Dome_Screen_Experience_1.jpg"", ""filename"": ""Omni_Theatre__Immersive_Dome_Screen_Experience_1.jpg"", ""original_url"": ""https://www.science.edu.sg/visit-us/omni-theatre/about-omni-theatre"", ""source_credit"": ""science""}]",103.7358137,1.3343811,TRUE,West Region,Jurong East,,"theatre, educational, immersive"
256,Snow City: Singapore's First Permanent Snow Centre,Science Centre Singapore,Experience real snow at Singapore's first snow centre!,"Snow City is Singapore's first permanent snow centre, offering visitors the opportunity to experience real snow in a sub-zero environment. With a variety of snow activities, including snow tubing, snow sculptures, and a snow playground, Snow City provides a fun and unique experience for all ages. Perfect for families and those looking to escape the tropical heat, Snow City offers a memorable and exciting outing. Discover the magic of winter in the heart of Singapore. Enjoy thrilling snow activities and create lasting memories with family and friends.",https://www.science.edu.sg/,activity,https://www.snowcity.com.sg/,FALSE,From $27,From $27 - $31,27,27,31,Suitable for all ages,0,99,Available daily (except Mon),"Weekdays (except Mon): 10am – 5pm, Weekends & PH & School holidays: 10am – 6pm",1970-01-01T00:00:00,2099-12-31T23:59:00,Snow City,"21 Jurong Town Hall Rd, Singapore 609433",Attraction,"[{""local_path"": ""events_output/event_3/images/user_uploads/Snow_City__Singapore_s_First_Permanent_Snow_Centre_1.jpg"", ""filename"": ""Snow_City__Singapore_s_First_Permanent_Snow_Centre_1.jpg"", ""original_url"": ""https://ticket.snowcity.com.sg/"", ""source_credit"": ""snowcity""}, {""local_path"": ""events_output/event_3/images/user_uploads/Snow_City__Singapore_s_First_Permanent_Snow_Centre_2.png"", ""filename"": ""Snow_City__Singapore_s_First_Permanent_Snow_Centre_2.png"", ""original_url"": ""https://ticket.snowcity.com.sg/"", ""source_credit"": ""snowcity""}]",103.7351693,1.3351884,TRUE,West Region,Jurong East,,"snow, immersive, experience"
257,Wild Rescue Rangers Programme at Singapore Zoo,Mandai Wildlife Reserve,Dive into animal habitats and survival traits!,"This exciting programme blends outdoor adventures with essential first aid skills, helping children learn to care for wildlife and handle minor injuries. They will build empathy, responsibility, and confidence, while tackling real-world challenges. Perfect for families and children interested in wildlife and conservation, this programme offers a unique opportunity to learn about animal habitats and survival in an engaging and interactive way. Participants will gain hands-on experience and develop valuable skills while fostering a deeper appreciation for the natural world. The programme is designed to be both educational and fun, ensuring a memorable experience for all involved.",https://zooschool.mandai.com/programme/wild-rescue-rangers-146,event,https://zooschool.mandai.com/programme/wild-rescue-rangers-146,FALSE,From $520,$520,520,520,520,6 to 12 years old,6,12,20 Oct - 22 Oct,"20 October 2025 - 22 October 2025, 9am - 5pm",2025-10-20T09:00:00,2025-10-22T17:00:00,Singapore Zoo,"80 Mandai Lake Rd, Singapore 729826",Attraction,"[{""url"": ""https://mandai-s3-bucket-live.s3.ap-southeast-1.amazonaws.com/ClassImages/1747282380503_banner.jpg"", ""source_credit"": ""Mandai Wildlife Reserve""}, {""url"": ""https://mandai-s3-bucket-live.s3.ap-southeast-1.amazonaws.com/ProgrammeHighlight/146/1747294351194.jpg"", ""source_credit"": ""Mandai Wildlife Reserve""}]",103.7906151,1.404589,TRUE,North Region,Central Water Catchment,,"animals, nature, zoo, wildlife, safari"
258,Adventure Albatross Speedboat Adventures Sentosa,Resorts World Sentosa,Albatross Speedboat Adventures From $ 45 .00,"Experience the thrill of Albatross Speedboat Adventures at Resorts World Sentosa! Feel the wind in your hair as you speed across the water. This exciting activity is perfect for families and thrill-seekers alike. Enjoy breathtaking views of the Sentosa coastline and create unforgettable memories. Suitable for all ages, this adventure promises fun and excitement for everyone. Get ready for an adrenaline-pumping experience that will leave you wanting more. Book your adventure today and make your visit to Sentosa truly unforgettable. This is a family-friendly activity.",https://www.sentosa.com.sg/en/things-to-do/attractions/?page=5,activity,https://www.sentosa.com.sg/en/things-to-do/attractions/?page=5,FALSE,From $45,From $45 (1 pax) - $90 (2 pax),45,45,90,8 years old and above,8,99,Available daily,"Available daily, 12pm - 6pm",1970-01-01T00:00:00,2099-12-31T23:59:00,Resorts World Sentosa,"8 Sentosa Gateway, 098269",Attraction,"[{""local_path"": ""events_output/event_1/images/user_uploads/Adventure_Albatross_Speedboat_Adventures_Sentosa_1.jpg"", ""filename"": ""Adventure_Albatross_Speedboat_Adventures_Sentosa_1.jpg"", ""original_url"": ""https://www.sentosa.com.sg/en/things-to-do/attractions/albatross-speedboat-adventures/"", ""source_credit"": ""sentosa""}, {""local_path"": ""events_output/event_1/images/user_uploads/Adventure_Albatross_Speedboat_Adventures_Sentosa_2.jpg"", ""filename"": ""Adventure_Albatross_Speedboat_Adventures_Sentosa_2.jpg"", ""original_url"": ""https://www.sentosa.com.sg/en/things-to-do/attractions/albatross-speedboat-adventures/"", ""source_credit"": ""sentosa""}, {""local_path"": ""events_output/event_1/images/user_uploads/Adventure_Albatross_Speedboat_Adventures_Sentosa_3.jpg"", ""filename"": ""Adventure_Albatross_Speedboat_Adventures_Sentosa_3.jpg"", ""original_url"": ""https://www.sentosa.com.sg/en/things-to-do/attractions/albatross-speedboat-adventures/"", ""source_credit"": ""sentosa""}]",103.819762,1.2587849,TRUE,Central Region,Southern Islands,,"boat, speed"
259,"Gunner Lane at Central Beach Bazaar, Sentosa",Sentosa,"Located at Central Beach Bazaar, Sentosa Island.","Gunner Lane is located at Central Beach Bazaar. It offers a unique beachside experience with various attractions and activities suitable for families and visitors of all ages. Enjoy the vibrant atmosphere and explore the different offerings available at this location. It is a great place to spend time with family and friends, enjoying the sun, sand, and sea. The bazaar provides a variety of entertainment options, ensuring a memorable visit for everyone. With its central location and diverse attractions, Gunner Lane is a must-visit destination on Sentosa Island.",https://www.sentosa.com.sg/en/things-to-do/attractions/?page=5,activity,https://www.sentosa.com.sg/en/things-to-do/attractions/?page=5,TRUE,Free,Free,0,0,0,Suitable for all ages,0,99,Available daily,"Available daily, 10:15am - 10pm",1970-01-01T00:00:00,2099-12-31T23:59:00,Central Beach Bazaar,"60 Siloso Bch Walk, 098997",Attraction,"[{""local_path"": ""events_output/event_2/images/user_uploads/Gunner_Lane_at_Central_Beach_Bazaar__Sentosa_1.jpg"", ""filename"": ""Gunner_Lane_at_Central_Beach_Bazaar__Sentosa_1.jpg"", ""original_url"": ""https://www.sentosa.com.sg/en/things-to-do/attractions/central-beach-bazaar/"", ""source_credit"": ""sentosa""}]",103.8171542,1.2513425,TRUE,Central Region,Southern Islands,,"beach, sentosa"
260,Adventure DinoVenture: A Virtual Reality Experience,Sentosa,A Virtual Reality Experience From $ 15 .00 Promo available,"Experience a thrilling virtual reality adventure at Beach Station. Immerse yourself in a prehistoric world filled with dinosaurs and exciting challenges. This family-friendly attraction offers a unique and interactive experience for all ages. Explore the virtual landscape, encounter fascinating creatures, and embark on an unforgettable journey. Perfect for kids and adults alike, Adventure DinoVenture provides a fun and educational adventure that will leave you amazed. Discover the wonders of the past in a whole new way with this state-of-the-art VR experience. Get ready for an adventure!",https://www.sentosa.com.sg/en/things-to-do/attractions/?page=5,activity,https://www.sentosa.com.sg/en/things-to-do/attractions/?page=5,FALSE,From $15,From $15.00,15,15,15,5 years old and above (min height 110cm),5,99,Available daily,"Available daily, 10am - 10pm",1970-01-01T00:00:00,2099-12-31T23:59:00,Beach Station,"3 Temasek Boulevard, Suntec City, Tower3, #03-349 Suntec City Mall, Singapore 038983",Attraction,"[{""local_path"": ""events_output/event_3/images/user_uploads/Adventure_DinoVenture__A_Virtual_Reality_Experience_1.jpg"", ""filename"": ""Adventure_DinoVenture__A_Virtual_Reality_Experience_1.jpg"", ""original_url"": ""https://www.sentosa.com.sg/en/things-to-do/attractions/dinoventure/"", ""source_credit"": ""sentosa""}]",103.8597298,1.2957055,TRUE,Central Region,Downtown Core,,"dinosaur, VR"
261,"Fort Siloso Skywalk at Siloso Point, Sentosa Island",Sentosa,Iconic sights and historical landmarks await visitors.,"Explore Singapore's only preserved coastal fort, a treasure trove of World War II memorabilia. Wander through the historical tunnels, gun emplacements, and interactive exhibits that bring the past to life. Ascend the Fort Siloso Skywalk for panoramic views of Sentosa and the surrounding sea. Discover the stories and sacrifices of those who defended Singapore during the war. A family-friendly destination that combines education with breathtaking scenery, offering a unique glimpse into Singapore's rich history and natural beauty. Perfect for history buffs and families alike.",https://www.sentosa.com.sg/en/things-to-do/attractions/?page=5,activity,https://www.sentosa.com.sg/en/things-to-do/attractions/?page=5,TRUE,Free,Free,0,0,0,Suitable for all ages,0,99,Available daily,"Available daily, 9am - 10pm. Exhibits opens at 10am. Last admission to Fort Siloso & Surrender Chambers at 5.30pm",1970-01-01T00:00:00,2099-12-31T23:59:00,Fort Siloso,"Siloso Rd, 099981",Attraction,"[{""local_path"": ""events_output/event_5/images/user_uploads/Fort_Siloso_Skywalk_at_Siloso_Point__Sentosa_Island_1.jpg"", ""filename"": ""Fort_Siloso_Skywalk_at_Siloso_Point__Sentosa_Island_1.jpg"", ""original_url"": ""https://www.sentosa.com.sg/en/things-to-do/attractions/fort-siloso/"", ""source_credit"": ""sentosa""}, {""local_path"": ""events_output/event_5/images/user_uploads/Fort_Siloso_Skywalk_at_Siloso_Point__Sentosa_Island_2.jpg"", ""filename"": ""Fort_Siloso_Skywalk_at_Siloso_Point__Sentosa_Island_2.jpg"", ""original_url"": ""https://www.sentosa.com.sg/en/things-to-do/attractions/fort-siloso/"", ""source_credit"": ""sentosa""}, {""url"": ""https://www.sentosa.com.sg/-/media/sentosa/hero-asset/attractions/fort-siloso/fort_siloso_hero.jpg?revision=11d70d6a-e620-4c5d-b5c5-485bc071fd41&w=1008"", ""source_credit"": ""Sentosa""}]",103.8107875,1.2581107,TRUE,Central Region,Southern Islands,,"beach, sentosa"
262,Harry Potter: Visions of Magic,Resorts World Sentosa,Adventure Harry Potter: Visions of Magic From $ 53 .00,"Explore Harry Potter: Visions of Magic. This attraction offers a unique experience for families and fans of the Harry Potter series. Immerse yourself in the wizarding world with stunning visuals and interactive exhibits. Perfect for kids and adults alike, this adventure promises an unforgettable day of fun and excitement. Discover the wonders of magic and create lasting memories with your loved ones. Enjoy the beautiful scenery of St John's Island while embarking on this enchanting journey. A must-visit destination for families seeking adventure and entertainment.",https://www.sentosa.com.sg/en/things-to-do/attractions/?page=5,activity,https://www.sentosa.com.sg/en/things-to-do/attractions/?page=5,FALSE,From $53,$53.00,53,53,53,5 years old and above,5,99,Available daily,"Available daily, 11am - 10pm",1970-01-01T00:00:00,2099-12-31T23:59:00,Resorts World Station,"WEAVE, Level B1, Resorts World Sentosa, 8 Sentosa Gateway, Sentosa Island, 098269",Attraction,"[{""local_path"": ""events_output/event_6/images/user_uploads/Harry_Potter__Visions_of_Magic_1.png"", ""filename"": ""Harry_Potter__Visions_of_Magic_1.png"", ""original_url"": ""https://www.sentosa.com.sg/en/things-to-do/attractions/harry-potter-visions-of-magic/"", ""source_credit"": ""sentosa""}, {""local_path"": ""events_output/event_6/images/user_uploads/Harry_Potter__Visions_of_Magic_2.jpg"", ""filename"": ""Harry_Potter__Visions_of_Magic_2.jpg"", ""original_url"": ""https://www.sentosa.com.sg/en/things-to-do/attractions/harry-potter-visions-of-magic/"", ""source_credit"": ""sentosa""}, {""local_path"": ""events_output/event_6/images/user_uploads/Harry_Potter__Visions_of_Magic_3.jpg"", ""filename"": ""Harry_Potter__Visions_of_Magic_3.jpg"", ""original_url"": ""https://www.sentosa.com.sg/en/things-to-do/attractions/harry-potter-visions-of-magic/"", ""source_credit"": ""sentosa""}]",103.8200913,1.256422,TRUE,Central Region,Southern Islands,,"harry potter, immersive, experience, museum"
263,"Adventure HydroDash at Palawan Beach, Sentosa",Resorts World Sentosa,Enjoy thrilling water activities at Palawan Beach.,"Adventure HydroDash offers a fun-filled water adventure for families and thrill-seekers alike. Located at Palawan Beach, this attraction features inflatable obstacles and slides, providing an exciting experience for all ages. Challenge yourself and your friends as you navigate the course and make a splash in the refreshing waters. Perfect for a day of outdoor fun and excitement. Enjoy the sun, sand, and sea while testing your agility and balance on this unique water playground. A memorable experience for the whole family.",https://www.sentosa.com.sg/en/things-to-do/attractions/?page=5,activity,https://www.sentosa.com.sg/en/things-to-do/attractions/?page=5,FALSE,From $30,$30.00,30,30,30,6 years old and above,6,99,Available daily,"Mon - Wed: 12pm – 6pm, Thurs & Fri: 11am – 6pm, Sat & Sun: 10am – 6pm",1970-01-01T00:00:00,2099-12-31T23:59:00,Palawan Beach,"54 Palawan Beach Walk, The Palawan @ Sentosa, 098233","Attraction, Outdoor Playground","[{""local_path"": ""events_output/event_7/images/user_uploads/Adventure_HydroDash_at_Palawan_Beach__Sentosa_1.jpg"", ""filename"": ""Adventure_HydroDash_at_Palawan_Beach__Sentosa_1.jpg"", ""original_url"": ""https://www.sentosa.com.sg/en/things-to-do/attractions/hydrodash/"", ""source_credit"": ""sentosa""}, {""local_path"": ""events_output/event_7/images/user_uploads/Adventure_HydroDash_at_Palawan_Beach__Sentosa_2.jpg"", ""filename"": ""Adventure_HydroDash_at_Palawan_Beach__Sentosa_2.jpg"", ""original_url"": ""https://www.sentosa.com.sg/en/things-to-do/attractions/hydrodash/"", ""source_credit"": ""sentosa""}, {""local_path"": ""events_output/event_7/images/user_uploads/Adventure_HydroDash_at_Palawan_Beach__Sentosa_3.jpg"", ""filename"": ""Adventure_HydroDash_at_Palawan_Beach__Sentosa_3.jpg"", ""original_url"": ""https://www.sentosa.com.sg/en/things-to-do/attractions/hydrodash/"", ""source_credit"": ""sentosa""}]",103.8210532,1.2500644,TRUE,Central Region,Southern Islands,Water play,"water, theme park, wet"
264,Madame Tussauds Singapore Wax Attraction Venue,Madame Tussauds Singapore,See wax figures of famous people and celebrities.,"Madame Tussauds Singapore is a wax museum and tourist attraction on Sentosa Island in Singapore. It showcases wax figures of famous and historical personalities, as well as popular film and television characters. Visitors can take photos with the figures and learn about their lives and achievements. The museum also features interactive exhibits and experiences, such as a virtual reality ride and a behind-the-scenes look at the making of wax figures. It is a family-friendly attraction that offers a fun and educational experience for all ages.",https://www.sentosa.com.sg/en/things-to-do/attractions/?page=5,activity,https://www.sentosa.com.sg/en/things-to-do/attractions/?page=5,FALSE,From $32,From $32 - $58,32,32,58,Suitable for all ages,0,99,Available daily,"Available daily, 10am - 7pm",1970-01-01T00:00:00,2099-12-31T23:59:00,Imbiah Station,"40 Imbiah Rd, Sentosa, 099700",Attraction,"[{""local_path"": ""events_output/event_8/images/user_uploads/Madame_Tussauds_Singapore_Wax_Attraction_Venue_1.jpg"", ""filename"": ""Madame_Tussauds_Singapore_Wax_Attraction_Venue_1.jpg"", ""original_url"": ""https://www.sentosa.com.sg/en/things-to-do/attractions/madame-tussauds-singapore/"", ""source_credit"": ""sentosa""}, {""local_path"": ""events_output/event_8/images/user_uploads/Madame_Tussauds_Singapore_Wax_Attraction_Venue_2.jpg"", ""filename"": ""Madame_Tussauds_Singapore_Wax_Attraction_Venue_2.jpg"", ""original_url"": ""https://www.sentosa.com.sg/en/things-to-do/attractions/madame-tussauds-singapore/"", ""source_credit"": ""sentosa""}]",103.8176215,1.2540373,TRUE,Central Region,Southern Islands,,"wax, immersive, experience"
265,"Mega Adventure Park at Imbiah Station, Sentosa",Mega Adventure,Experience thrilling adventures at Mega Adventure Park!,"Mega Adventure Park offers a range of adrenaline-pumping activities suitable for families and thrill-seekers alike. Experience the MegaZip, a 450m flying fox, or challenge yourself at MegaClimb, an aerial adventure course. With stunning views and exciting challenges, it's a perfect day out for families and friends looking for an unforgettable experience. Suitable for children and adults, the park provides a safe and exhilarating environment for all. Enjoy a day filled with laughter, excitement, and unforgettable memories at Mega Adventure Park.",https://www.sentosa.com.sg/en/things-to-do/attractions/?page=5,activity,https://www.sentosa.com.sg/en/things-to-do/attractions/?page=5,FALSE,From $20,From $20 - $89,20,20,89,5 years old and above (min height 90cm),5,99,Available daily,"Available daily, 11am - 6.30pm",1970-01-01T00:00:00,2099-12-31T23:59:00,Imbiah Station,"10A Siloso Bch Walk, 099008","Attraction, Outdoor Playground","[{""local_path"": ""events_output/event_9/images/user_uploads/Mega_Adventure_Park_at_Imbiah_Station__Sentosa_1.jpg"", ""filename"": ""Mega_Adventure_Park_at_Imbiah_Station__Sentosa_1.jpg"", ""original_url"": ""https://www.sentosa.com.sg/en/things-to-do/attractions/mega-adventure-park/"", ""source_credit"": ""sentosa""}, {""local_path"": ""events_output/event_9/images/user_uploads/Mega_Adventure_Park_at_Imbiah_Station__Sentosa_2.jpg"", ""filename"": ""Mega_Adventure_Park_at_Imbiah_Station__Sentosa_2.jpg"", ""original_url"": ""https://www.sentosa.com.sg/en/things-to-do/attractions/mega-adventure-park/"", ""source_credit"": ""sentosa""}]",103.8122967,1.2559413,TRUE,Central Region,Southern Islands,,"thrilling, zipline"
266,Sentosa 4D AdventureLand,Sentosa,Enjoy thrilling 4D shows and immersive experiences.,"Sentosa 4D AdventureLand offers a variety of immersive 4D movie experiences suitable for families and thrill-seekers. Experience the excitement of Journey 2: The Mysterious Island, or Desperados, a shooting game. Located at Imbiah Lookout, it's a perfect destination for a fun-filled day with the kids. Enjoy state-of-the-art technology and special effects that bring movies to life. Suitable for all ages, with shows and attractions designed to entertain and engage the whole family. A must-visit attraction for an unforgettable adventure.",https://www.sentosa.com.sg/en/things-to-do/attractions/?page=5,activity,https://www.sentosa.com.sg/en/things-to-do/attractions/?page=5,FALSE,From $36.90,From $36.90 - $49.90,36.9,36.9,49.9,3 to 12 years old,3,12,Available daily,"Available daily, 12pm - 7pm",1970-01-01T00:00:00,2099-12-31T23:59:00,Imbiah Lookout,"51B Imbiah Rd, 099708",Attraction,"[{""local_path"": ""events_output/event_10/images/user_uploads/Sentosa_4D_AdventureLand_1.jpg"", ""filename"": ""Sentosa_4D_AdventureLand_1.jpg"", ""original_url"": ""https://www.sentosa.com.sg/en/things-to-do/attractions/sentosa-4d-adventureland/"", ""source_credit"": ""sentosa""}, {""local_path"": ""events_output/event_10/images/user_uploads/Sentosa_4D_AdventureLand_2.jpg"", ""filename"": ""Sentosa_4D_AdventureLand_2.jpg"", ""original_url"": ""https://www.sentosa.com.sg/en/things-to-do/attractions/sentosa-4d-adventureland/"", ""source_credit"": ""sentosa""}, {""local_path"": ""events_output/event_10/images/user_uploads/Sentosa_4D_AdventureLand_3.jpg"", ""filename"": ""Sentosa_4D_AdventureLand_3.jpg"", ""original_url"": ""https://www.sentosa.com.sg/en/things-to-do/attractions/sentosa-4d-adventureland/"", ""source_credit"": ""sentosa""}]",103.8165183,1.2553977,TRUE,Central Region,Southern Islands,,"show, 4D, immersive"
267,Imbiah Lookout Adventure with Sentosa Express,Sentosa,Explore Imbiah Lookout with Sentosa Express!,"Discover the attractions at Imbiah Lookout and enjoy convenient transportation with the Sentosa Express. This area offers a variety of activities suitable for families and children, including thrilling rides and interactive exhibits. Explore the natural beauty of Sentosa and create lasting memories with your loved ones. The Sentosa Express provides easy access to VivoCity, making it a convenient starting point for your adventure. Enjoy a day filled with fun and excitement at Imbiah Lookout, perfect for families seeking a memorable experience.",https://www.sentosa.com.sg/en/things-to-do/attractions/?page=5,activity,https://www.sentosa.com.sg/en/things-to-do/attractions/?page=5,FALSE,From $4,$4 ,4,4,4,Suitable for all ages,0,99,Available daily,"Available daily, 7am - 12am",1970-01-01T00:00:00,2099-12-31T23:59:00,Imbiah Lookout,"Sentosa, 50 Imbiah Rd",Attraction,"[{""local_path"": ""events_output/event_10/images/user_uploads/Imbiah_Lookout_Adventure_with_Sentosa_Express_1.jpg"", ""filename"": ""Imbiah_Lookout_Adventure_with_Sentosa_Express_1.jpg"", ""original_url"": ""https://www.sentosa.com.sg/en/things-to-do/attractions/sentosa-express/"", ""source_credit"": ""sentosa""}]",103.8303209,1.2494041,TRUE,Central Region,Southern Islands,,"imbiah, sentosa"
268,Sentosa Nature Discovery at Imbiah Lookout,Sentosa,Explore nature trails and learn about local flora.,"Sentosa Nature Discovery offers a serene escape into the island's natural beauty. Perfect for families and nature enthusiasts, the trails wind through lush greenery, providing opportunities to observe local flora and fauna. Visitors can learn about the diverse ecosystem and enjoy a peaceful walk amidst nature. The area is family-friendly, with easy-to-navigate paths suitable for all ages. Discover hidden gems and enjoy a refreshing outdoor experience. This attraction provides a unique opportunity to connect with nature and appreciate the island's biodiversity. Explore the trails and discover the wonders of Sentosa's natural landscape.",https://www.sentosa.com.sg/en/things-to-do/attractions/?page=5,activity,https://www.sentosa.com.sg/en/things-to-do/attractions/?page=5,TRUE,Free,Free,0,0,0,Suitable for all ages,0,99,Available daily,"Available daily, 9am - 5pm",1970-01-01T00:00:00,2099-12-31T23:59:00,Imbiah Lookout,"51 Imbiah Rd, 099702",Attraction,"[{""local_path"": ""events_output/event_11/images/user_uploads/Sentosa_Nature_Discovery_at_Imbiah_Lookout_1.jpg"", ""filename"": ""Sentosa_Nature_Discovery_at_Imbiah_Lookout_1.jpg"", ""original_url"": ""https://www.sentosa.com.sg/en/things-to-do/attractions/sentosa-nature-discovery/"", ""source_credit"": ""sentosa""}, {""local_path"": ""events_output/event_11/images/user_uploads/Sentosa_Nature_Discovery_at_Imbiah_Lookout_2.jpg"", ""filename"": ""Sentosa_Nature_Discovery_at_Imbiah_Lookout_2.jpg"", ""original_url"": ""https://www.sentosa.com.sg/en/things-to-do/attractions/sentosa-nature-discovery/"", ""source_credit"": ""sentosa""}, {""local_path"": ""events_output/event_11/images/user_uploads/Sentosa_Nature_Discovery_at_Imbiah_Lookout_3.jpg"", ""filename"": ""Sentosa_Nature_Discovery_at_Imbiah_Lookout_3.jpg"", ""original_url"": ""https://www.sentosa.com.sg/en/things-to-do/attractions/sentosa-nature-discovery/"", ""source_credit"": ""sentosa""}]",103.8173977,1.2558426,TRUE,Central Region,Southern Islands,,"museum, nature"
269,Siloso Beach Adventure Singapore Cable Car,Sentosa,Adventure awaits at Siloso Beach with Cable Car!,Experience the thrill of the Singapore Cable Car at Siloso Beach. Enjoy breathtaking views and create unforgettable memories. Perfect for families and adventure seekers. Explore the beauty of Sentosa Island from a unique perspective. The cable car ride offers a scenic journey with stunning panoramic views. A must-do attraction for visitors of all ages. Discover the wonders of Sentosa with this exciting adventure.,https://www.sentosa.com.sg/en/things-to-do/attractions/?page=5,activity,https://www.sentosa.com.sg/en/things-to-do/attractions/?page=5,FALSE,From $3,From $3 - $35,3,3,35,Suitable for all ages,0,99,"Available daily,","Available daily, 8.45am - 10pm",1970-01-01T00:00:00,2099-12-31T23:59:00,Siloso Beach,"81 Siloso Rd, 098975",Attraction,"[{""local_path"": ""events_output/event_12/images/user_uploads/Siloso_Beach_Adventure_Singapore_Cable_Car_1.jpg"", ""filename"": ""Siloso_Beach_Adventure_Singapore_Cable_Car_1.jpg"", ""original_url"": ""https://www.sentosa.com.sg/en/things-to-do/attractions/singapore-cable-car/"", ""source_credit"": ""sentosa""}, {""local_path"": ""events_output/event_12/images/user_uploads/Siloso_Beach_Adventure_Singapore_Cable_Car_2.jpg"", ""filename"": ""Siloso_Beach_Adventure_Singapore_Cable_Car_2.jpg"", ""original_url"": ""https://www.sentosa.com.sg/en/things-to-do/attractions/singapore-cable-car/"", ""source_credit"": ""sentosa""}, {""local_path"": ""events_output/event_12/images/user_uploads/Siloso_Beach_Adventure_Singapore_Cable_Car_3.jpg"", ""filename"": ""Siloso_Beach_Adventure_Singapore_Cable_Car_3.jpg"", ""original_url"": ""https://www.sentosa.com.sg/en/things-to-do/attractions/singapore-cable-car/"", ""source_credit"": ""sentosa""}]",103.8114973,1.2571849,TRUE,Central Region,Southern Islands,,"cable car, scenic, sentosa"
270,Resorts World Sentosa Iconic Sights SkyHelix,Resorts World Sentosa,Iconic Sights SkyHelix Sentosa From $ 17 .00 Promo,SkyHelix Sentosa is Singapore's highest open-air panoramic ride. This unique attraction offers breathtaking 360-degree views of Sentosa and the Southern Islands. Guests can enjoy a leisurely ride that gently rotates as it ascends to a height of 79 meters above sea level. The experience is perfect for families and individuals looking for a memorable and scenic adventure. Enjoy the stunning views and capture unforgettable moments from this iconic vantage point. A must-visit attraction for those seeking a unique perspective of Sentosa's beauty.,https://www.sentosa.com.sg/en/things-to-do/attractions/?page=5,activity,https://www.sentosa.com.sg/en/things-to-do/attractions/?page=5,FALSE,From $17,From $17 - $20,17,17,20,5 years old and above (min height 105cm),5,99,Available daily,"Available daily, 10am - 9.30pm",1970-01-01T00:00:00,2099-12-31T23:59:00,Imbiah Lookout,"41 Imbiah Rd, Sentosa, 099707",Attraction,"[{""local_path"": ""events_output/event_13/images/user_uploads/Resorts_World_Sentosa_Iconic_Sights_SkyHelix_1.jpg"", ""filename"": ""Resorts_World_Sentosa_Iconic_Sights_SkyHelix_1.jpg"", ""original_url"": ""https://www.sentosa.com.sg/en/things-to-do/attractions/skyhelix-sentosa/"", ""source_credit"": ""sentosa""}, {""local_path"": ""events_output/event_13/images/user_uploads/Resorts_World_Sentosa_Iconic_Sights_SkyHelix_2.jpg"", ""filename"": ""Resorts_World_Sentosa_Iconic_Sights_SkyHelix_2.jpg"", ""original_url"": ""https://www.sentosa.com.sg/en/things-to-do/attractions/skyhelix-sentosa/"", ""source_credit"": ""sentosa""}, {""local_path"": ""events_output/event_13/images/user_uploads/Resorts_World_Sentosa_Iconic_Sights_SkyHelix_3.jpg"", ""filename"": ""Resorts_World_Sentosa_Iconic_Sights_SkyHelix_3.jpg"", ""original_url"": ""https://www.sentosa.com.sg/en/things-to-do/attractions/skyhelix-sentosa/"", ""source_credit"": ""sentosa""}]",103.817616,1.2549381,TRUE,Central Region,Southern Islands,,"dining, skyline, thrilling"
271,Imbiah Lookout Adventure Skyline Luge Singapore,Sentosa,Adventure Skyline Luge Singapore From $ 33 .00,"Experience the thrill of Skyline Luge Singapore at Imbiah Lookout. Enjoy a unique wheeled gravity ride with steering and braking control. Perfect for families and thrill-seekers of all ages. Navigate the tracks with twists and turns for an unforgettable adventure. The Luge is a part go-kart, part toboggan, and totally unique. Control your speed as you ride down one of our four exciting Luge tracks. With specially designed Luge carts and helmets, it's safe and fun for all ages. Enjoy the scenic views from the Skyride as you ascend to the top.",https://www.sentosa.com.sg/en/things-to-do/attractions/?page=5,activity,https://www.sentosa.com.sg/en/things-to-do/attractions/?page=5,FALSE,From $33,From $33,33,33,33,6 years old and above,6,99,Available daily,"Mon - Thu: 10am - 7.30pm, Fri & Sat: 10am - 9pm, Sun & PH: 10am - 7.30pm",1970-01-01T00:00:00,2099-12-31T23:59:00,Imbiah Station,"1 Imbiah Rd, 099692","Attraction, Outdoor Playground","[{""local_path"": ""events_output/event_14/images/user_uploads/Imbiah_Lookout_Adventure_Skyline_Luge_Singapore_1.jpg"", ""filename"": ""Imbiah_Lookout_Adventure_Skyline_Luge_Singapore_1.jpg"", ""original_url"": ""https://www.sentosa.com.sg/en/things-to-do/attractions/skyline-luge-singapore/"", ""source_credit"": ""sentosa""}, {""local_path"": ""events_output/event_14/images/user_uploads/Imbiah_Lookout_Adventure_Skyline_Luge_Singapore_2.jpg"", ""filename"": ""Imbiah_Lookout_Adventure_Skyline_Luge_Singapore_2.jpg"", ""original_url"": ""https://www.sentosa.com.sg/en/things-to-do/attractions/skyline-luge-singapore/"", ""source_credit"": ""sentosa""}]",103.8173674,1.2549696,TRUE,Central Region,Southern Islands,,"ride, luge, sentosa, thrilling"
272,Universal Studios Singapore,Resorts World Sentosa,Adventure awaits at Universal Studios Singapore!,"Experience thrilling rides, captivating shows, and immersive attractions at Universal Studios Singapore. Explore themed zones based on blockbuster movies and TV series. Enjoy family-friendly entertainment and create unforgettable memories. From adrenaline-pumping roller coasters to enchanting performances, there's something for everyone. Discover the magic of Hollywood and beyond. Get ready for a day of adventure and excitement at Universal Studios Singapore. Perfect for families and thrill-seekers alike. Enjoy world-class entertainment and create lasting memories.",https://www.sentosa.com.sg/en/things-to-do/attractions/?page=5,activity,https://www.sentosa.com.sg/en/things-to-do/attractions/?page=5,TRUE,Free + Paid options,From $59 - $85 (Free for child below 4 years old),59,59,85,Suitable for all ages,0,99,Available daily,"Available daily, 10am - 5pm",1970-01-01T00:00:00,2099-12-31T23:59:00,Universal Studios Singapore,"8 Sentosa Gateway, 098269","Attraction, Indoor Playground","[{""local_path"": ""events_output/event_15/images/user_uploads/Universal_Studios_Singapore_1.jpg"", ""filename"": ""Universal_Studios_Singapore_1.jpg"", ""original_url"": ""https://www.sentosa.com.sg/en/things-to-do/attractions/universal-studios-singapore/"", ""source_credit"": ""sentosa""}, {""local_path"": ""events_output/event_15/images/user_uploads/Universal_Studios_Singapore_2.jpg"", ""filename"": ""Universal_Studios_Singapore_2.jpg"", ""original_url"": ""https://www.sentosa.com.sg/en/things-to-do/attractions/universal-studios-singapore/"", ""source_credit"": ""sentosa""}, {""local_path"": ""events_output/event_15/images/user_uploads/Universal_Studios_Singapore_3.jpg"", ""filename"": ""Universal_Studios_Singapore_3.jpg"", ""original_url"": ""https://www.sentosa.com.sg/en/things-to-do/attractions/universal-studios-singapore/"", ""source_credit"": ""sentosa""}]",103.8238084,1.2540421,TRUE,Central Region,Southern Islands,,"theme park, roller coaster, mascot, character, thrilling, immersive, fun, experience"
