ID,title,organiser,blurb,description,guid,activity_or_event,url,is_free,price_display_teaser,price_display,price,min_price,min_price.1,age_group_display,min_age,max_age,datetime_display_teaser,datetime_display,start_datetime,end_datetime,venue_name,address_display,categories,images,longitude,latitude,checked,region,planning_area,label tag,keyword tag
273,Lazy Lizard Restaurant: A Family-Friendly Dining Spot,Lazy Lizard,Enjoy home-style food and drinks in a relaxed setting.,"Lazy Lizard is a restaurant that offers a relaxed and family-friendly dining experience. With a focus on home-style food and a variety of drinks, it's a great place for families to gather and enjoy a meal together. The restaurant provides a comfortable atmosphere where parents can unwind while kids enjoy the menu options. It is designed to cater to families looking for a casual dining experience with a diverse menu to suit different tastes. The venue also hosts events and happenings, making it a vibrant spot for the community. The restaurant aims to provide a welcoming environment for families and individuals alike.",https://lazylizard.com.sg/,activity,https://lazylizard.com.sg/,TRUE,From $5,Varies according to menu item. Kids dine free every weekend & PH.,,,,Suitable for all ages,0,99,Available daily,"Mon - Thu: 12pm - 10:30pm, Fri: 12pm - 12am, Sat: 11am - 12am, Sun: 11am - 10:30am",1970-01-01 0:00:00,2099-12-31 23:59:00,Lazy Lizard,"7 Ang Mo Kio Street 66 #01-09 & #01-12, Flora Vista, Singapore 567708",Kids-friendly dining,"[{""local_path"": ""events_output/event_1/images/user_uploads/Lazy_Lizard_Restaurant__A_Family_Friendly_Dining_Spot_1.jpg"", ""filename"": ""Lazy_Lizard_Restaurant__A_Family_Friendly_Dining_Spot_1.jpg"", ""original_url"": ""https://lazylizard.com.sg/happenings/"", ""source_credit"": ""lazylizard""}, {""local_path"": ""events_output/event_1/images/user_uploads/Lazy_Lizard_Restaurant__A_Family_Friendly_Dining_Spot_2.jpg"", ""filename"": ""Lazy_Lizard_Restaurant__A_Family_Friendly_Dining_Spot_2.jpg"", ""original_url"": ""https://lazylizard.com.sg/locations/"", ""source_credit"": ""lazylizard""}]",103.8505,1.391646,TRUE,North-East Region,Ang Mo Kio,Kids dine free,casual
274,Little Lazy Lizard - Bukit Timah Family Dining,Lazy Lizard,"Family-friendly dining at Bukit Timah Road, Singapore.","Little Lazy Lizard at Bukit Timah Road offers a relaxed and family-friendly dining experience. Enjoy a diverse menu in a comfortable setting, perfect for gatherings with loved ones. The restaurant provides a welcoming atmosphere for families looking to enjoy a meal together. With a variety of dishes to choose from, there's something for everyone to enjoy. The location is easily accessible and provides a convenient dining option for residents and visitors alike. The restaurant aims to provide a memorable dining experience for all its guests.",https://lazylizard.com.sg/,activity,https://lazylizard.com.sg/,TRUE,From $5,Varies according to menu item. Kids dine free every weekend & PH.,,,,Suitable for all ages,0,99,Available daily,"Mon - Thu: 12pm - 9:30pm, Fri: 12pm - 10pm, Weekends: 11am - 10pm",1970-01-01 0:00:00,2099-12-31 23:59:00,Little Lazy Lizard,"789 Bukit Timah Rd, Singapore 269763",Kids-friendly dining,"[{""local_path"": ""events_output/event_2/images/user_uploads/Little_Lazy_Lizard___Bukit_Timah_Family_Dining_1.jpg"", ""filename"": ""Little_Lazy_Lizard___Bukit_Timah_Family_Dining_1.jpg"", ""original_url"": ""https://lazylizard.com.sg/locations/"", ""source_credit"": ""lazylizard""}, {""local_path"": ""events_output/event_2/images/user_uploads/Little_Lazy_Lizard___Bukit_Timah_Family_Dining_2.jpg"", ""filename"": ""Little_Lazy_Lizard___Bukit_Timah_Family_Dining_2.jpg"", ""original_url"": ""https://lazylizard.com.sg/locations/"", ""source_credit"": ""lazylizard""}]",103.7962,1.331159,TRUE,Central Region,Bukit Timah,Kids dine free,casual
275,Canopy Jurong Lake Gardens Dining Experience,Canopy,Dine in nature with lakeside tranquility at Canopy.,"Canopy at Jurong Lake Gardens offers a unique dining experience surrounded by lush greenery and a tranquil lakeside atmosphere. It's the perfect spot for a serene day out, offering a brunch menu with outlet-exclusive items. Enjoy dining amidst nature's beauty, making it an ideal destination for families and individuals seeking a peaceful escape. The biophilic backdrop enhances the dining experience, creating a refreshing and relaxing environment for all visitors. Perfect for families looking for a relaxing dining experience.",https://www.canopygardendining.com/location/jurong-lake-gardens/,activity,https://www.canopygardendining.com/location/jurong-lake-gardens/,FALSE,From $5,Varies according to menu item,,,,Suitable for all ages,0,99,Available daily,"Weekdays: 11:30am - 10pm, Weekends,/PH: 9am - 10:30pm",1970-01-01 0:00:00,2099-12-31 23:59:00,Jurong Lake Gardens,"70 Yuan Ching Rd, #01-02, Singapore 619675",Kids-friendly dining,"[{""local_path"": ""events_output/event_1/images/user_uploads/Canopy_Jurong_Lake_Gardens_Dining_Experience_1.jpg"", ""filename"": ""Canopy_Jurong_Lake_Gardens_Dining_Experience_1.jpg"", ""original_url"": ""https://www.canopygardendining.com/location/jurong-lake-gardens/"", ""source_credit"": ""canopygardendining""}, {""url"": ""https://images.getbento.com/accounts/7fbedbda09fb6a0d9158c5f539aca81c/media/images/889690I5A5105.jpg?w=1200&fit=crop&auto=compress,format&cs=origin&crop=focalpoint&fp-x=0.5&fp-y=0.5"", ""source_credit"": ""Canopy""}]",103.728,1.338189,TRUE,West Region,Jurong East,,nature
276,Bee’s Knees at The Garage Cafe & Bistro in Gardens,Bee’s Knees,"Fun, laid-back cafe & bistro in Botanic Gardens.","Bee’s Knees is a fun, laid-back cafe & bistro concept that draws inspiration from the highly social, evolved behaviour of bees. The first Bee’s Knees opened in 2017 at The Garage, Singapore Botanic Gardens, fast becoming a hot spot for the simplest most joyous occasions in our lives: pet owners to chill with their furkids al fresco, parents to dine in peace while their little ones totter about, and a cozy respite for social get-togethers. Dig in to comfort food elevated to be hearty and satisfying with South East Asian touches. With a wholesome and diverse menu with vegetarian options, the little ones, the health-conscious, the indulgent, and the alcoholic all get something under one hive.",https://www.beesknees.sg/,activity,https://www.beesknees.sg/,FALSE,From $5,Varies according to menu item,,,,Suitable for all ages,0,99,Available daily,"Available daily, 8am to 10pm",1970-01-01 0:00:00,2099-12-31 23:59:00,Bee’s Knees at The Garage,"Cluny Park Rd, Level 1 The Garage, 50, Singapore 257488",Kids-friendly dining,"[{""local_path"": ""events_output/event_1/images/user_uploads/Bee_s_Knees_at_The_Garage_Cafe___Bistro_in_Gardens_1.webp"", ""filename"": ""Bee_s_Knees_at_The_Garage_Cafe___Bistro_in_Gardens_1.webp"", ""original_url"": ""https://www.beesknees.sg/"", ""source_credit"": ""beesknees""}, {""local_path"": ""events_output/event_1/images/user_uploads/Bee_s_Knees_at_The_Garage_Cafe___Bistro_in_Gardens_2.webp"", ""filename"": ""Bee_s_Knees_at_The_Garage_Cafe___Bistro_in_Gardens_2.webp"", ""original_url"": ""https://www.beesknees.sg/"", ""source_credit"": ""beesknees""}, {""local_path"": ""events_output/event_1/images/user_uploads/Bee_s_Knees_at_The_Garage_Cafe___Bistro_in_Gardens_3.jpg"", ""filename"": ""Bee_s_Knees_at_The_Garage_Cafe___Bistro_in_Gardens_3.jpg"", ""original_url"": ""https://www.beesknees.sg/"", ""source_credit"": ""beesknees""}, {""url"": ""https://images.squarespace-cdn.com/content/v1/6020f9437dc49320d38cd8a4/d5755eb3-2f3a-4ad0-a15a-928d3b734743/BK+Interior_Nov2020-06944.jpg"", ""source_credit"": ""Bee’s Knees""}, {""url"": ""https://images.squarespace-cdn.com/content/v1/6020f9437dc49320d38cd8a4/58e56cf7-2795-4635-b470-02fdcafd5526/BK+Interior_Nov2020-06921.jpg"", ""source_credit"": ""Bee’s Knees""}]",103.8156,1.318974,TRUE,Central Region,Tanglin,,"Botanical garden, brunch"
277,Jimmy Monkey Cafe & Bar - PLQ,Jimmy Monkey,"Authentic Melbourne cafe lifestyle, open daily.","Jimmy Monkey Cafe & Bar brings the authentic Melbourne cafe lifestyle to Singapore. The PLQ location is open daily from 8AM to 10PM, next to an outdoor playground. Enjoy specialty coffee, delicious brunch options, and a relaxed atmosphere perfect for families and individuals alike. A great spot for a casual meal or a coffee break.",https://jimmymonkey.com/,activity,https://jimmymonkey.com/,FALSE,From $5,Varies according to menu item,,,,Suitable for all ages,0,99,Available daily,"Available daily, 8am - 10pm",1970-01-01 0:00:00,2099-12-31 23:59:00,Jimmy Monkey PLQ (PARKSIDE),"2 Paya Lebar Rd, #01-10 Park Place Residences - next to playground, Singapore 409053",Kids-friendly dining,"[{""url"": ""https://jimmymonkey.com/wp-content/uploads/2025/06/PLQ-BG.jpg"", ""source_credit"": ""Jimmy Monkey""}]",103.8926,1.315578,TRUE,Central Region,Geylang,Play area,"playground, PLQ"
278,Super Loco Robertson Quay Mexican Cantina,Super Loco,Cosy Mexican cantina in Robertson Quay neighbourhood.,"Located in Robertson Quay, Super Loco offers Mexican cuisine in a vibrant setting. The restaurant features colorful street posters reminiscent of Mexico City's barrios. It's a family-friendly riverside spot for weekend brunch or lunch and dinner. The venue is known for its lively atmosphere and is suitable for families and even furry friends looking for a place to dine and relax by the Singapore River. The restaurant provides a cozy environment for enjoying Mexican food.",https://super-loco.com/robertsonquay,activity,https://super-loco.com/robertsonquay,FALSE,From $5,Varies according to menu item,,,,Suitable for all ages,0,99,Available daily,"Mon - Wed: 5pm - 11pm, Thu: 11:30pm - 11pm, Fri: 11:30am - 11:30pm, Sat: 10am - 11:30pm, Sun: 10am - 11pm",1970-01-01 0:00:00,2099-12-31 23:59:00,Super Loco Robertson Quay,"60 Robertson Quay, #01-13 The Quayside, Singapore 238252",Kids-friendly dining,"[{""local_path"": ""events_output/event_1/images/user_uploads/Super_Loco_Robertson_Quay_Mexican_Cantina_1.webp"", ""filename"": ""Super_Loco_Robertson_Quay_Mexican_Cantina_1.webp"", ""original_url"": ""https://super-loco.com/robertsonquay"", ""source_credit"": ""superloco""}, {""url"": ""https://images.squarespace-cdn.com/content/v1/64bd41d5f55df83ffad083ce/c07f2756-d4d4-4ae2-ae44-7556cb6b842b/Super-Loco-Robertson-Quay-1-1-2.jpg"", ""source_credit"": ""Super Loco""}, {""url"": ""https://images.squarespace-cdn.com/content/v1/64bd41d5f55df83ffad083ce/5414f79d-7409-43cd-a0ca-ad24a2a3793d/Super+Loco+RQ+Logo.png"", ""source_credit"": ""Super Loco""}]",103.8393,1.289961,TRUE,Central Region,Singapore River,,"Mexican, taco"
279,Ola Beach Club: Beachfront Dining,Ola Beach Club,Enjoy watersports and dining by the beach!,"Ola Beach Club offers a variety of watersports activities suitable for families and kids, including jet skiing, stand-up paddleboarding, and kayaking. Relax on the beach with Hawaiian-inspired cuisine and refreshing drinks. The club provides a family-friendly atmosphere with a dedicated kids' menu and beach games. Enjoy the sun, sand, and sea with a range of activities for all ages. Perfect for a day of fun and relaxation by the beach, with options for both adventurous watersports and laid-back dining experiences. The venue is designed to cater to families looking for a memorable beachside experience.",https://olabeachclub.com/dining/,activity,https://olabeachclub.com/dining/,FALSE,From $5,Varies according to menu item,,,,Suitable for all ages,0,99,Available daily,"Mon – Thu: 10am–9pm, Fri: 10am–10pm, Sat: 9am–10pm, Sun: 9am–9pm",1970-01-01 0:00:00,2099-12-31 23:59:00,Ola Beach Club,"46 Siloso Bch Walk, 099005",Kids-friendly dining,"[{""local_path"": ""events_output/event_1/images/user_uploads/Ola_Beach_Club__Watersports_and_Beachfront_Dining_1.jpg"", ""filename"": ""Ola_Beach_Club__Watersports_and_Beachfront_Dining_1.jpg"", ""original_url"": ""https://olabeachclub.com/dining/"", ""source_credit"": ""olabeachclub""}, {""local_path"": ""events_output/event_1/images/user_uploads/Ola_Beach_Club__Watersports_and_Beachfront_Dining_2.jpg"", ""filename"": ""Ola_Beach_Club__Watersports_and_Beachfront_Dining_2.jpg"", ""original_url"": ""https://olabeachclub.com/dining/"", ""source_credit"": ""olabeachclub""}, {""local_path"": ""events_output/event_1/images/user_uploads/Ola_Beach_Club__Watersports_and_Beachfront_Dining_3.jpg"", ""filename"": ""Ola_Beach_Club__Watersports_and_Beachfront_Dining_3.jpg"", ""original_url"": ""https://olabeachclub.com/dining/"", ""source_credit"": ""olabeachclub""}, {""url"": ""https://olabeachclub.com/wp-content/uploads/2022/08/Sub-Brands-Logo-05.png"", ""source_credit"": ""Ola Beach Club""}]",103.8152,1.253077,TRUE,Central Region,Southern Islands,,"Mexican, taco"
280,Jovis Cafe: A Family-Friendly Dining Experience,Jovis Cafe,"Cosy cafe near Clementi with mains, coffee & desserts.","Jovis Cafe is a family-friendly and work-friendly cafe located near Clementi. We offer an extensive menu of mains, coffee, alcohol, and desserts suitable for all ages. Our mission is to create a place where beautiful memories with loved ones are made. We provide free Wi-Fi, power plugs, books, and magazines, making it perfect for dates, study sessions, and family dinners. Come and enjoy a relaxing and welcoming atmosphere with a variety of food and beverage options for everyone in the family.",https://joviscafe.sg/,activity,https://joviscafe.sg/,FALSE,From $5,Varies according to menu item,,,,Suitable for all ages,0,99,Available daily (except Thu),"Mon - Wed: 11.30am – 9:30pm, Fri - Sun: 10:30am – 9:30pm",1970-01-01 0:00:00,2099-12-31 23:59:00,Jovis Cafe,"104 Faber Dr, Singapore 129412",Kids-friendly dining,"[{""local_path"": ""events_output/event_1/images/user_uploads/Jovis_Cafe__A_Family_Friendly_Dining_Experience_1.jpg"", ""filename"": ""Jovis_Cafe__A_Family_Friendly_Dining_Experience_1.jpg"", ""original_url"": ""https://joviscafe.sg/"", ""source_credit"": ""joviscafe""}]",103.7566,1.320582,TRUE,West Region,Clementi,,café
281,Quentin's Eurasian Restaurant Dining Experience,Quentin's Eurasian Restaurant,Enjoy authentic Eurasian cuisine in a family setting.,"Quentin's Eurasian Restaurant offers a unique dining experience with traditional Eurasian dishes. The restaurant provides a family-friendly atmosphere, making it a great place to enjoy a meal with loved ones. The menu features a variety of flavorful dishes, showcasing the rich culinary heritage of the Eurasian community. From classic stews to spicy curries, there's something for everyone to enjoy. The restaurant is known for its warm hospitality and commitment to serving delicious, authentic Eurasian cuisine. Perfect for families looking to explore new flavors and create lasting memories.",https://www.quentins.com.sg/?gad_source=1&gad_campaignid=22890101035&gbraid=0AAAAACg9vFUlgj1loj505KTGJqHKEERdL&gclid=CjwKCAjw2vTFBhAuEiwAFaScwo5n5_qCrSHQXwlWWM_dQ4LPtvy6sjYz1-jAiDv9t-gQXRbUviO0LBoCF2UQAvD_BwE,activity,https://www.quentins.com.sg/?gad_source=1&gad_campaignid=22890101035&gbraid=0AAAAACg9vFUlgj1loj505KTGJqHKEERdL&gclid=CjwKCAjw2vTFBhAuEiwAFaScwo5n5_qCrSHQXwlWWM_dQ4LPtvy6sjYz1-jAiDv9t-gQXRbUviO0LBoCF2UQAvD_BwE,FALSE,From $5,Varies according to menu item,,,,Suitable for all ages,0,99,Available daily (except Mon),"Available daily (except Mon), 11:30am - 2:30pm & 5:30pm - 10pm",1970-01-01 0:00:00,2099-12-31 23:59:00,Quentin's Eurasian Restaurant,"139 Ceylon Rd, Level 1 Eurasian Heritage Gallery, Singapore 429744",Kids-friendly dining,"[{""local_path"": ""events_output/event_1/images/user_uploads/Quentin_s_Eurasian_Restaurant_Dining_Experience_1.jpg"", ""filename"": ""Quentin_s_Eurasian_Restaurant_Dining_Experience_1.jpg"", ""original_url"": ""https://www.quentins.com.sg/?gad_source=1&gad_campaignid=22890101035&gbraid=0AAAAACg9vFUlgj1loj505KTGJqHKEERdL&gclid=CjwKCAjw2vTFBhAuEiwAFaScwo5n5_qCrSHQXwlWWM_dQ4LPtvy6sjYz1-jAiDv9t-gQXRbUviO0LBoCF2UQAvD_BwE"", ""source_credit"": ""quentins""}, {""local_path"": ""events_output/event_1/images/user_uploads/Quentin_s_Eurasian_Restaurant_Dining_Experience_2.jpg"", ""filename"": ""Quentin_s_Eurasian_Restaurant_Dining_Experience_2.jpg"", ""original_url"": ""https://www.quentins.com.sg/"", ""source_credit"": ""quentins""}]",103.8993,1.310005,TRUE,Central Region,Geylang,Play area,Eurasian
282,NOM Bistro: Family-Friendly Dining with Play Area,NOM Bistro,Modern cuisine with a mini dragon play area for kids.,"NOM Bistro, located at Macpherson Community Club, offers modern cuisine with a twist. Appetizers include luncheon meat strips and chicken skin crisps. The salted egg pasta features prawns. The Double Trouble Burger has succulent patties. There is a kids menu available. A key feature is the indoor play area with a slide resembling the Toa Payoh Dragon Playground, providing a safe environment for children while parents dine. Expect to spend between $15 to $25 per head. The bistro exudes a sense of calmness away from the city environment.",https://www.littledayout.com/nom-bistro-family-friendly-dining-spot-in-macpherson-with-a-mini-dragon-play-area/,activity,https://www.littledayout.com/nom-bistro-family-friendly-dining-spot-in-macpherson-with-a-mini-dragon-play-area/,FALSE,From $5,Varies according to menu item,,,,Suitable for all ages,0,99,Available daily (except Tue),"Weekdays (except Tue): 12pm - 10pm, Weekends/PH: 11am - 10pm",1970-01-01 0:00:00,2099-12-31 23:59:00,NOM Bistro,"400 Paya Lebar Way, Level 1 MacPherson Community Club, Singapore 379131",Kids-friendly dining,"[{""local_path"": ""events_output/event_1/images/user_uploads/NOM_Bistro__Family_Friendly_Dining_with_Play_Area_1.jpg"", ""filename"": ""NOM_Bistro__Family_Friendly_Dining_with_Play_Area_1.jpg"", ""original_url"": ""gaylenhx"", ""source_credit"": ""gaylenhx""}]",103.8846,1.323562,TRUE,Central Region,Geylang,Play area,
283,Marché Mövenpick Family Dining Experience,Marché Restaurants Singapore,Enjoy fresh market fare with a special kids' menu!,"Marché Mövenpick offers a family-friendly dining experience where parents can enjoy fresh market cuisine while kids can choose from the Picky Kids’ Menu. The restaurant provides a relaxed atmosphere suitable for families with young children. The Picky Kids' Menu includes a variety of options designed to appeal to children's tastes, ensuring a satisfying meal for everyone. The restaurant focuses on fresh ingredients and a welcoming environment for families to dine together. The family special is available all day, making it a convenient option for lunch or dinner. The restaurant aims to provide a pleasant and stress-free dining experience for families.",https://www.marche-restaurants.sg/en/extra-service/family,activity,https://www.marche-restaurants.sg/en/extra-service/family,FALSE,From $5,Varies according to menu item,,,,Suitable for all ages,0,99,Available daily,"Mon - Thu: 11am - 9:30pm, Fri: 11am - 10:30pm, Sat: 10am - 10:30pm, Sun: 10am - 9:30pm",1970-01-01 0:00:00,2099-12-31 23:59:00,Marché Mövenpick 313@somerset,"313 Orchard Rd, Singapore 238895",Kids-friendly dining,"[{""local_path"": ""events_output/event_1/images/user_uploads/March__M_venpick_Family_Dining_Experience_1.jpg"", ""filename"": ""March__M_venpick_Family_Dining_Experience_1.jpg"", ""original_url"": ""https://www.marche-restaurants.sg/en/extra-service/family"", ""source_credit"": ""marche""}, {""url"": ""https://media.marche-restaurants.com/karmarun//image/upload/q_60,w_2400,h_1214,c_fill/marche/BkDGHNlnH-Pastakidsxxxxxx_i010191.jpg"", ""source_credit"": ""Marché Restaurants Singapore""}]",103.8383,1.300906,TRUE,Central Region,Orchard,Play area,marche
284,Marché Mövenpick Restaurants - Picky Kids’ Menu,Marché Mövenpick,Family-friendly dining options available for kids.,"Marché Mövenpick Restaurants offer a Picky Kids’ Menu designed to cater to the tastes of younger diners. The menu includes a variety of options suitable for children, ensuring a pleasant dining experience for the whole family. The restaurants provide a welcoming atmosphere for families, making it a convenient choice for parents looking for a place to eat with their kids. The Picky Kids’ Menu aims to provide balanced and appealing meals for children, with options that are both nutritious and enjoyable. The restaurants also offer a range of other dishes suitable for adults, ensuring that everyone in the family can find something to their liking. The focus is on fresh ingredients and quality preparation, providing a satisfying dining experience for all ages. The restaurants are designed to be family-friendly, with comfortable seating and a relaxed atmosphere.",https://www.marche-restaurants.sg/en/extra-service/family,activity,https://www.marche-restaurants.sg/en/extra-service/family,FALSE,From $5,Varies according to menu item,,,,Suitable for all ages,0,99,Available daily,"Mon - Thu: 11am - 10pm, Fri & PH Eve: 11am - 11pm, Sat: 10am - 11pm, Sun & PH: 10am - 10pm",1970-01-01 0:00:00,2099-12-31 23:59:00,Suntec City (Tower 3),"1 HarbourFront Walk, #03 - 14 VivoCity, Singapore 098585",Kids-friendly dining,"[{""local_path"": ""events_output/event_2/images/user_uploads/March__M_venpick_Restaurants___Picky_Kids__Menu_1.jpg"", ""filename"": ""March__M_venpick_Restaurants___Picky_Kids__Menu_1.jpg"", ""original_url"": ""https://www.marche-restaurants.sg/en/our-locations/suntec-city"", ""source_credit"": ""marche""}, {""url"": ""https://media.marche-restaurants.com/karmarun//image/upload/q_60,w_2400,h_1214,c_fill/marche/BkDGHNlnH-Pastakidsxxxxxx_i010191.jpg"", ""source_credit"": ""Marché Mövenpick""}]",103.8214,1.264451,TRUE,Central Region,Bukit Merah,Play area,marche
285,Marché Mövenpick Marketplace Picky Kids' Menu,Marché Restaurants Singapore,Healthy market options at a special price!,"Children (between 80cm to 140cm in height) get to choose from our healthy market options at a special price! Includes a 30cl of juice or soft drink and a fun-sized ice cream in a cone! Available at 313@somerset, Suntec City, and VivoCity.",https://www.marche-restaurants.sg/en/extra-service/family,activity,https://www.marche-restaurants.sg/en/extra-service/family,FALSE,From $5,Varies according to menu item,,,,Suitable for all ages,0,99,Available daily,"Mon - Thu: 11am - 9:30pm, Fri: 11am - 10:30pm, Sat: 10am - 10:30pm, Sun: 10am - 9:30pm",1970-01-01 0:00:00,2099-12-31 23:59:00,VivoCity,"3 Temasek Boulevard #01-612 to 614, Tower 3 Suntec City, Singapore 038983",Kids-friendly dining,"[{""local_path"": ""events_output/event_3/images/user_uploads/March__M_venpick_Marketplace_Picky_Kids__Menu_1.jpg"", ""filename"": ""March__M_venpick_Marketplace_Picky_Kids__Menu_1.jpg"", ""original_url"": ""https://www.marche-restaurants.sg/en/extra-service/family"", ""source_credit"": ""marche""}, {""local_path"": ""events_output/event_3/images/user_uploads/March__M_venpick_Marketplace_Picky_Kids__Menu_2.jpg"", ""filename"": ""March__M_venpick_Marketplace_Picky_Kids__Menu_2.jpg"", ""original_url"": ""https://www.marche-restaurants.sg/en/extra-service/family"", ""source_credit"": ""marche""}, {""url"": ""https://media.marche-restaurants.com/karmarun//image/upload/q_60,h_400,c_fill/marche/BJaTAoZez-picky_mascot.png"", ""source_credit"": ""Marché Restaurants Singapore""}]",103.8598,1.295465,TRUE,Central Region,Downtown Core,Play area,marche
286,"Whisk & Paddle - Punggol (Pet-friendly, outdoors)",Whisk & Paddle,Pet-friendly outdoor dining at Punggol Tebing Lane.,"Whisk & Paddle at Punggol offers a unique pet-friendly outdoor dining experience. Enjoy a relaxing atmosphere with your furry friends while savoring delicious food and drinks. The cafe provides a scenic view and a comfortable setting for families and pet owners alike. It's a great place to unwind and enjoy quality time with your loved ones and pets. The outdoor seating area is spacious and well-maintained, making it ideal for a casual meal or a special occasion. The menu features a variety of options to cater to different tastes, ensuring a satisfying dining experience for everyone.",https://whiskandpaddle.com.sg/contact-us/,activity,https://whiskandpaddle.com.sg/contact-us/,FALSE,From $5,Varies according to menu item,,,,Suitable for all ages,0,99,Available daily (except Mon),"Weekdays (except Mon): 12pm – 10pm, Weekends/PH: 9:30am – 10pm",1970-01-01 0:00:00,2099-12-31 23:59:00,Whisk & Paddle - Punggol,"10 Tebing Ln, Singapore 828836",Kids-friendly dining,"[{""local_path"": ""events_output/event_1/images/user_uploads/Whisk___Paddle___Punggol__Pet_friendly__outdoors__1.jpg"", ""filename"": ""Whisk___Paddle___Punggol__Pet_friendly__outdoors__1.jpg"", ""original_url"": ""https://whiskandpaddle.com.sg/gallery/"", ""source_credit"": ""whiskandpaddle""}, {""url"": ""http://whiskandpaddle.com.sg/wp-content/uploads/2018/02/whisk_paddle_logo.png"", ""source_credit"": ""Whisk & Paddle""}]",103.9173,1.393175,TRUE,North-East Region,Punggol,Play area,Mac & cheese
287,Whisk & Paddle at Bukit Gombak Park,Whisk & Paddle,Visit Whisk & Paddle at Bukit Gombak Park.,"Whisk & Paddle is located at Bukit Gombak Park. Enjoy the scenic views while dining. Note that this location is not pet-friendly. Visit our Facebook page for frequent updates on our operation especially during Public Holidays to avoid disappointment. For table reservations, please call respective outlets. Walk-in only on Sat/Sun/PH/Eve of PH, no reservation.",https://whiskandpaddle.com.sg/contact-us/,activity,https://whiskandpaddle.com.sg/contact-us/,FALSE,From $5,Varies according to menu item,,,,Suitable for all ages,0,99,Available daily (except Mon),"Weekdays (except Mon): 12pm – 10pm, Weekends/PH: 9:30am – 10pm",1970-01-01 0:00:00,2099-12-31 23:59:00,Bukit Gombak Park,"816 Bukit Batok West Ave. 5, #01-01, Singapore 659089",Kids-friendly dining,"[{""local_path"": ""events_output/event_2/images/user_uploads/Whisk___Paddle_at_Bukit_Gombak_Park_1.jpeg"", ""filename"": ""Whisk___Paddle_at_Bukit_Gombak_Park_1.jpeg"", ""original_url"": """", ""source_credit"": ""Mummysmarket""}, {""local_path"": ""events_output/event_2/images/user_uploads/Whisk___Paddle_at_Bukit_Gombak_Park_2.jpeg"", ""filename"": ""Whisk___Paddle_at_Bukit_Gombak_Park_2.jpeg"", ""original_url"": """", ""source_credit"": ""Mummysmarket""}]",103.7511,1.367384,TRUE,West Region,Bukit Batok,Play area,Mac & cheese
288,Lawry's The Prime Rib - Kids Dine Free Sundays,Lawry's Singapore,Kids dine free on Sundays with adult main courses.,"Lawry's The Prime Rib offers a special promotion where kids can dine for free on Sundays. With every two adult à la carte main courses or set menus ordered, two children aged 12 and below can enjoy a complimentary 3-course kids set menu. This dine-in offer is perfect for families looking to enjoy a quality meal together in a sophisticated setting. Please note that the offer is not valid on public holidays, eve of public holidays and other special occasions. Check the terms and conditions for full details and blackout dates.",https://lawrys.com.sg/kids-dine-free/,event,https://lawrys.com.sg/kids-dine-free/,TRUE,From $5,Varies according to menu item. Kids dine free on Sundays.,,,,Suitable for all ages,0,99,01 Jan - 30 Nov,"01 January 2025 – 30 November 2025, lunch & dinner",2025-01-01 0:00:00,2025-11-30 23:59:00,Lawry's The Prime Rib,"333A Orchard Rd, #04 - 01 / 31, Singapore 238897",Kids-friendly dining,"[{""url"": ""https://lawrys.com.sg/wp-content/uploads/2024/06/Rectangle-370.png"", ""source_credit"": ""Lawry's Singapore""}]",103.837,1.301863,TRUE,Central Region,Orchard,Kids dine free,Steak
289,"Little Farms Table, Sentosa Cove Restaurant",Little Farms,"Unforgettable Dining, Exceptional Quality, Served with Heart.","Little Farms Table at Sentosa Cove offers a dining experience focused on exceptional quality and heartfelt service. The restaurant provides a welcoming atmosphere for families and individuals alike. Enjoy a variety of dishes prepared with fresh ingredients, perfect for a memorable meal. The location at Sentosa Cove adds to the charm, making it an ideal spot for a relaxing dining experience. The restaurant aims to provide a family-friendly environment where everyone can enjoy delicious food and create lasting memories. The menu features a range of options to cater to different tastes, ensuring a satisfying experience for all.",https://littlefarmscafe.com/,activity,https://littlefarmscafe.com/,TRUE,From $5,Varies according to menu item. Kids dine free on Sundays.,,,,Suitable for all ages,0,99,Available daily,"Available daily, 7:30am - 10pm",1970-01-01 0:00:00,2099-12-31 23:59:00,"Little Farms Table, Sentosa Cove","1 Cove Ave, #02-14 Sentosa, 098537",Kids-friendly dining,"[{""local_path"": ""events_output/event_1/images/user_uploads/Little_Farms_Table__Sentosa_Cove_Restaurant_1.webp"", ""filename"": ""Little_Farms_Table__Sentosa_Cove_Restaurant_1.webp"", ""original_url"": ""https://littlefarmscafe.com/pages/table-by-little-farms-sentosa"", ""source_credit"": ""littlefarmscafe""}, {""local_path"": ""events_output/event_1/images/user_uploads/Little_Farms_Table__Sentosa_Cove_Restaurant_2.webp"", ""filename"": ""Little_Farms_Table__Sentosa_Cove_Restaurant_2.webp"", ""original_url"": ""https://littlefarmscafe.com/pages/promotions"", ""source_credit"": ""littlefarmscafe""}]",103.84,1.247275,TRUE,Central Region,Southern Islands,Kids dine free,bistro
290,"Little Farms Bistro, Katong Point Restaurant",Little Farms,"In the heart of Joo Chiat, open daily for dining.","Little Farms Bistro at Katong Point offers a delightful dining experience with a focus on fresh, high-quality ingredients. The bistro provides a relaxed atmosphere suitable for families and individuals alike. Enjoy a diverse menu featuring brunch, lunch, and dinner options, including vegetarian and gluten-free choices. The restaurant is committed to sourcing sustainable and ethically produced food, ensuring a healthy and delicious meal for everyone. Perfect for a family outing or a casual meal with friends, Little Farms Bistro provides a welcoming environment and exceptional service.",https://littlefarmscafe.com/,activity,https://littlefarmscafe.com/,TRUE,From $5,Varies according to menu item. Kids dine free on Sundays.,,,,Suitable for all ages,0,99,Available daily,"Mon - Thu: 8am - 9pm, Fri: 8am - 9:30pm, Sat: 7:30am - 9:30pm, Sun: 7:30am - 9pm",1970-01-01 0:00:00,2099-12-31 23:59:00,"Little Farms Bistro, Katong Point","451 Joo Chiat Rd, #01-04, Singapore 427664",Kids-friendly dining,"[{""local_path"": ""events_output/event_2/images/user_uploads/Little_Farms_Bistro__Katong_Point_Restaurant_1.webp"", ""filename"": ""Little_Farms_Bistro__Katong_Point_Restaurant_1.webp"", ""original_url"": ""https://littlefarmscafe.com/pages/little-farms-katong-point-bistro"", ""source_credit"": ""littlefarmscafe""}, {""local_path"": ""events_output/event_2/images/user_uploads/Little_Farms_Bistro__Katong_Point_Restaurant_2.webp"", ""filename"": ""Little_Farms_Bistro__Katong_Point_Restaurant_2.webp"", ""original_url"": ""https://littlefarmscafe.com/pages/promotions"", ""source_credit"": ""littlefarmscafe""}]",103.9046,1.306922,TRUE,Central Region,Marine Parade,Kids dine free,bistro
291,Open Farm Community Urban Farm and Restaurant,Open Farm Community,Fresh food from farm to table,"Open Farm Community is a unique urban farm and restaurant that offers a variety of experiences. It features a working farm where visitors can learn about sustainable agriculture, as well as a restaurant that serves dishes made with fresh, locally-sourced ingredients. The venue is suitable for families and individuals interested in experiencing farm-to-table dining and learning about urban farming. It also hosts garden weddings and corporate events, providing a unique and natural setting for celebrations and gatherings. The farm aims to connect people with nature and promote sustainable living through its various offerings.",https://www.openfarmcommunity.com/,activity,https://www.openfarmcommunity.com/,FALSE,From $5,Varies according to menu item,,,,Suitable for all ages,0,99,Available daily,Mon - Sun: 11am - 3:30pm & 6pm - 11pm,1970-01-01 0:00:00,2099-12-31 23:59:00,Open Farm Community,"130E Minden Rd, Singapore 248819",Kids-friendly dining,"[{""local_path"": ""events_output/event_1/images/user_uploads/Open_Farm_Community_Urban_Farm_and_Restaurant_1.webp"", ""filename"": ""Open_Farm_Community_Urban_Farm_and_Restaurant_1.webp"", ""original_url"": ""https://www.openfarmcommunity.com/gallery-spaces"", ""source_credit"": ""openfarmcommunity""}, {""local_path"": ""events_output/event_1/images/user_uploads/Open_Farm_Community_Urban_Farm_and_Restaurant_2.webp"", ""filename"": ""Open_Farm_Community_Urban_Farm_and_Restaurant_2.webp"", ""original_url"": ""https://www.openfarmcommunity.com/gallery-spaces"", ""source_credit"": ""openfarmcommunity""}, {""local_path"": ""events_output/event_1/images/user_uploads/Open_Farm_Community_Urban_Farm_and_Restaurant_3.webp"", ""filename"": ""Open_Farm_Community_Urban_Farm_and_Restaurant_3.webp"", ""original_url"": ""https://www.openfarmcommunity.com/gallery-spaces"", ""source_credit"": ""openfarmcommunity""}, {""local_path"": ""events_output/event_1/images/user_uploads/Open_Farm_Community_Urban_Farm_and_Restaurant_4.webp"", ""filename"": ""Open_Farm_Community_Urban_Farm_and_Restaurant_4.webp"", ""original_url"": ""https://www.openfarmcommunity.com/gallery-spaces"", ""source_credit"": ""openfarmcommunity""}, {""url"": ""https://images.squarespace-cdn.com/content/v1/5f0bbcc3a47d231c00d5636d/2394715d-5d5d-4f39-8eda-864e6c8d6b08/open-farm-community-restaurant-01.jpg"", ""source_credit"": ""Open Farm Community""}]",103.8156,1.30583,TRUE,Central Region,Tanglin,Play area,"farm, nature, farm to table, fresh"
292,Beauty in The Pot Hotpot Experience,Paradise Group,Nourishing soup bases with rich flavours and benefits.,"Beauty in The Pot offers a hotpot experience inspired by the culture of food for health. The restaurant provides nourishing soup bases that promise rich flavours coupled with abundant benefits. It's a family-friendly dining experience where everyone can enjoy a comforting and healthy meal together. The hotpot ingredients are fresh and of high quality, ensuring a delightful culinary experience for all ages. The ambiance is designed to be inviting and relaxing, making it a perfect spot for family gatherings and celebrations. The restaurant caters to various dietary preferences and offers a range of options to suit different tastes.",https://www.paradisegp.com/beauty-in-the-pot/,activity,https://www.paradisegp.com/beauty-in-the-pot/,FALSE,From $5,Varies according to menu item,,,,Suitable for all ages,0,99,Available daily,"Jewel & NEX: 11:30am - 3am, Centrepoint: 11:30am - 6am, Starvista: 11:30am - 10:30pm",1970-01-01 0:00:00,2099-12-31 23:59:00,Beauty in The Pot @ NEX,"23 Serangoon Central, #02-01, Singapore 556083",Kids-friendly dining,"[{""url"": ""https://www.paradisegp.com/wp-content/uploads/2023/09/img-bitp-food2-1.jpg"", ""source_credit"": ""Paradise Group""}]",103.8719,1.35093,TRUE,North-East Region,Serangoon,Play area,"hotpot, steamboat"
293,Tiong Bahru Bakery Safari – Dempsey Hill Get Back,Tiong Bahru Bakery,Get back to nature at Tiong Bahru Bakery Safari!,"Tiong Bahru Bakery Safari is located opposite the Singapore Botanical Gardens and within walking distance of Tanglin Mall and Dempsey Hill. The cafe is open daily with free car parking and a children’s playground. Tiong Bahru Bakery Safari was awarded Best Family-Friendly Restaurant for Love Local Awards 2024! There is an outdoor playground, jungle greenery to explore and an edible garden to get busy in. You can tuck into a menu packed with healthy dishes made from fruits and herbs harvested straight from the on-site garden. Tiong Bahru Bakery Safari is also pet friendly.",https://www.tiongbahrubakery.com/promotions/tiong-bahru-bakery-safari-dempsey-hill/,activity,https://www.tiongbahrubakery.com/promotions/tiong-bahru-bakery-safari-dempsey-hill/,FALSE,From $5,Varies according to menu item,,,,Suitable for all ages,0,99,Available daily,"Available daily, 8am - 6pm",1970-01-01 0:00:00,2099-12-31 23:59:00,Tiong Bahru Bakery Safari,"130E Minden Rd, Singapore 248819",Kids-friendly dining,"[{""local_path"": ""events_output/event_1/images/user_uploads/Tiong_Bahru_Bakery_Safari___Dempsey_Hill_Get_Back_1.jpg"", ""filename"": ""Tiong_Bahru_Bakery_Safari___Dempsey_Hill_Get_Back_1.jpg"", ""original_url"": ""https://tiongbahrubakery.com/"", ""source_credit"": ""tiongbahrubakery""}, {""local_path"": ""events_output/event_1/images/user_uploads/Tiong_Bahru_Bakery_Safari___Dempsey_Hill_Get_Back_2.jpg"", ""filename"": ""Tiong_Bahru_Bakery_Safari___Dempsey_Hill_Get_Back_2.jpg"", ""original_url"": ""https://tiongbahrubakery.com/"", ""source_credit"": ""tiongbahrubakery""}, {""local_path"": ""events_output/event_1/images/user_uploads/Tiong_Bahru_Bakery_Safari___Dempsey_Hill_Get_Back_3.jpg"", ""filename"": ""Tiong_Bahru_Bakery_Safari___Dempsey_Hill_Get_Back_3.jpg"", ""original_url"": ""https://tiongbahrubakery.com/"", ""source_credit"": ""tiongbahrubakery""}]",103.8157,1.305755,TRUE,Central Region,Tanglin,Play area,"pastry, bakery, baked"
294,Café Melba: A Community Hub for Families & Friends,Café Melba,Lifestyle café with family-friendly vibe and spacious areas.,"Café Melba is a lifestyle café in Singapore, inspired by the vibrant influences of Melbourne and Asia. We blend casual dining with a family-friendly vibe, offering quality coffee, fresh pizzas, sandwiches, and select Asian dishes in a relaxed setting with spacious outdoor areas. As a hub for families, friends, and community events, we combine Eastern and Western traditions to create inclusive, memorable experiences, striving to be a trendsetter in Singapore’s café scene. Café Melba is a lifestyle café in Singapore, inspired by the vibrant influences of Melbourne and Asia. We blend casual dining with a family-friendly vibe, offering quality coffee, fresh pizzas, sandwiches, and select Asian dishes in a relaxed setting with spacious outdoor areas. As a hub for families, friends, and community events, we combine Eastern and Western traditions to create inclusive, memorable experiences, striving to be a trendsetter in Singapore’s café scene.",https://www.cafemelba.com.sg/,activity,https://www.cafemelba.com.sg/,TRUE,From $5,Varies according to menu item. Kids dine free on Monday.,,,,Suitable for all ages,0,99,Available daily,"Available daily, 9am-9pm",1970-01-01 0:00:00,2099-12-31 23:59:00,Café Melba,"90 Goodman Rd, #01-56 Block N Goodman Arts Centre, Singapore 439053",Kids-friendly dining,"[{""local_path"": ""events_output/event_1/images/user_uploads/Caf__Melba__A_Community_Hub_for_Families___Friends_1.webp"", ""filename"": ""Caf__Melba__A_Community_Hub_for_Families___Friends_1.webp"", ""original_url"": ""https://www.cafemelba.com.sg/"", ""source_credit"": ""cafemelba""}, {""local_path"": ""events_output/event_1/images/user_uploads/Caf__Melba__A_Community_Hub_for_Families___Friends_2.webp"", ""filename"": ""Caf__Melba__A_Community_Hub_for_Families___Friends_2.webp"", ""original_url"": ""https://www.cafemelba.com.sg/"", ""source_credit"": ""cafemelba""}, {""local_path"": ""events_output/event_1/images/user_uploads/Caf__Melba__A_Community_Hub_for_Families___Friends_3.webp"", ""filename"": ""Caf__Melba__A_Community_Hub_for_Families___Friends_3.webp"", ""original_url"": ""https://www.cafemelba.com.sg/"", ""source_credit"": ""cafemelba""}]",103.8849,1.303352,TRUE,Central Region,Marine Parade,"Play area, Kids dine free",
295,Cafe Melba: A Family-Friendly Dining Experience,Cafe Melba,"Quality dining, inclusivity, community, family-friendly.","Cafe Melba values quality in every aspect, from ingredients to service, ensuring a memorable dining experience. We celebrate diversity and strive to create a welcoming environment where everyone feels valued. We aim to be an active participant in our community, hosting events and activities that bring people together and foster meaningful connections. We cultivate a relaxed and enjoyable atmosphere for families, ensuring that guests of all ages can feel at home and enjoy their time with us. Our goal is to provide a space where families can create lasting memories while enjoying delicious food and drinks in a comfortable setting.",https://www.cafemelba.com.sg/,activity,https://www.cafemelba.com.sg/,TRUE,From $5,Varies according to menu item,,,,Suitable for all ages,0,99,Available daily,"Mon - Thu: 8am - 9pm, Fri - Sun/PH: 8am-10pm",1970-01-01 0:00:00,2099-12-31 23:59:00,Cafe Melba,"90 Goodman Rd, #01-56 Block N Goodman Arts Centre, Singapore 439053",Kids-friendly dining,"[{""local_path"": ""events_output/event_2/images/user_uploads/Cafe_Melba__A_Family_Friendly_Dining_Experience_1.webp"", ""filename"": ""Cafe_Melba__A_Family_Friendly_Dining_Experience_1.webp"", ""original_url"": ""https://www.cafemelba.com.sg/"", ""source_credit"": ""cafemelba""}, {""local_path"": ""events_output/event_2/images/user_uploads/Cafe_Melba__A_Family_Friendly_Dining_Experience_2.webp"", ""filename"": ""Cafe_Melba__A_Family_Friendly_Dining_Experience_2.webp"", ""original_url"": ""https://www.cafemelba.com.sg/"", ""source_credit"": ""cafemelba""}, {""local_path"": ""events_output/event_2/images/user_uploads/Cafe_Melba__A_Family_Friendly_Dining_Experience_3.webp"", ""filename"": ""Cafe_Melba__A_Family_Friendly_Dining_Experience_3.webp"", ""original_url"": ""https://www.cafemelba.com.sg/"", ""source_credit"": ""cafemelba""}]",103.8849,1.303352,TRUE,Central Region,Marine Parade,"Play area, Kids dine free",
296,La Nonna,La Nonna,Kids eat free with each accompanying adult purchase.,"Enjoy a family meal at La Nonna where kids can dine for free every Sunday. With each accompanying adult meal purchase, children can choose either an 8-inch pizza or a small pasta dish from the kids' menu. This promotion is perfect for families looking to enjoy a delicious Italian meal together in a relaxed and welcoming atmosphere. La Nonna offers a variety of pasta and pizza options, ensuring there's something for everyone to enjoy. This offer is available at all La Nonna outlets.",https://lanonna.sg/kidsdinefree,event,https://lanonna.sg/kidsdinefree,TRUE,From $5,Varies according to menu item. Kids dine free on Sundays.,,,,Suitable for all ages,0,99,Available daily,"Weekdays: 11:30am - 2:30pm & 5:30pm - 8pm, Weekends/PH: 11:30am - 10pm",1970-01-01 0:00:00,2099-12-31 23:59:00,La Nonna,"26/26B Lor Mambong, Singapore 277685",Kids-friendly dining,"[{""local_path"": ""events_output/event_1/images/user_uploads/La_Nonna_1.webp"", ""filename"": ""La_Nonna_1.webp"", ""original_url"": ""https://images.squarespace-cdn.com/content/v1/646edcbd40c4d07c1a46546e/de9c89c6-7f4e-41fb-9a9a-c0be8b725d92/La+Nonna+HV+Interior+Edited+2000+x+1335px.jpg"", ""source_credit"": ""lanonna""}, {""local_path"": ""events_output/event_1/images/user_uploads/La_Nonna_2.webp"", ""filename"": ""La_Nonna_2.webp"", ""original_url"": ""https://lanonna.sg/promotions"", ""source_credit"": ""lanonna""}]",103.7949,1.311682,TRUE,Central Region,Queenstown,Kids dine free,"Italian, pasta, pizza"
297,The Coastal Settlement: Rustic Charm Gatherings,The Coastal Settlement,Rustic charm for intimate gatherings and special events.,"The Coastal Settlement offers a unique rustic charm perfect for intimate gatherings and special events. The venue provides a serene environment with indoor and outdoor spaces suitable for various occasions. It's an ideal location for families looking to celebrate milestones or enjoy a relaxed outing. The venue features vintage decor and lush greenery, creating a memorable experience for all attendees. The space is versatile and can accommodate both small and large groups, ensuring a comfortable and enjoyable setting for any event. The Coastal Settlement aims to provide a welcoming atmosphere for families and friends to come together and create lasting memories.",https://www.thecoastalsettlement.com/,event,https://www.thecoastalsettlement.com/,FALSE,From $5,Varies according to menu item,,,,Suitable for all ages,0,99,Available daily,"Weekdays: 10.30am - 11pm, Sat & Public Holiday: 8.30am - 11pm, Sun: 8.30am - 10pm",1970-01-01 0:00:00,2099-12-31 23:59:00,The Coastal Settlement,"200 Netheravon Rd, Singapore 508529",Kids-friendly dining,"[{""url"": ""https://static.wixstatic.com/media/497a81_93e16de56c464401b5eb7341926be1f0~mv2.jpg/v1/fill/w_2000,h_2000,al_c,q_100,usm_0.66_1.00_0.01,enc_avif,quality_auto/497a81_93e16de56c464401b5eb7341926be1f0~mv2.jpg"", ""source_credit"": ""The Coastal Settlement""}, {""url"": ""https://static.wixstatic.com/media/497a81_2bd4f96ffa1b497692ffdee32de43aac~mv2.jpg/v1/fill/w_2000,h_2000,al_c,q_100,usm_0.66_1.00_0.01,enc_avif,quality_auto/497a81_2bd4f96ffa1b497692ffdee32de43aac~mv2.jpg"", ""source_credit"": ""The Coastal Settlement""}]",103.9778,1.38899,TRUE,East Region,Changi,,"nature, casual"
298,The Pantry Dempsey: Family-Friendly Dining Experience,Como Dempsey,Enjoy family meals at Dempsey with kids play area.,"The Pantry offers a relaxed and family-friendly dining experience with a menu featuring a variety of comfort foods and healthy options. The restaurant provides a casual atmosphere, perfect for families with young children. The menu includes dishes suitable for different dietary needs and preferences, ensuring a pleasant experience for everyone. The ambiance is warm and inviting, making it an ideal spot for a casual family meal. The restaurant is known for its use of fresh, locally sourced ingredients, providing a delicious and wholesome dining experience. The setting is both comfortable and stylish, creating a welcoming environment for all ages.",https://www.comodempsey.sg/restaurant/at-feast,activity,https://www.comodempsey.sg/restaurant/thepantry,FALSE,From $5,Varies according to menu item,,,,Suitable for all ages,0,99,Available daily (except Mon),"Tue – Thu: 8.30am - 7pm, Fri: 8.30am - 8.30pm, Sat: 9am - 8.30pm, Sun/PH: 9am - 7pm",1970-01-01 0:00:00,2099-12-31 23:59:00,The Pantry,"16A Dempsey Rd, Singapore 247695",Kids-friendly dining,"[{""local_path"": ""events_output/event_1/images/user_uploads/The_Pantry_Dempsey__Family_Friendly_Dining_Experience_1.jpg"", ""filename"": ""The_Pantry_Dempsey__Family_Friendly_Dining_Experience_1.jpg"", ""original_url"": ""https://www.comodempsey.sg/restaurant/thepantry"", ""source_credit"": ""comodempsey""}, {""local_path"": ""events_output/event_1/images/user_uploads/The_Pantry_Dempsey__Family_Friendly_Dining_Experience_2.jpg"", ""filename"": ""The_Pantry_Dempsey__Family_Friendly_Dining_Experience_2.jpg"", ""original_url"": """", ""source_credit"": ""swanli""}]",103.8111,1.305267,TRUE,Central Region,Tanglin,Play area,"dempsey, treehouse"
299,PS.Cafe East Coast Park - Seaside Dining Venue,PS.Cafe,"Bright, airy space with seaside-inspired design.","PS.Cafe By The Sea, located in East Coast Park, offers a laid-back summer beach house vibe with white-washed walls and ocean blue upholstery. The menu features PS. classics and an extensive selection of seafood dishes. Guests can enjoy their meal inside with sea views or outdoors in the breezy patio dining area. Perfect for lazy brunches or evening dining. Reservations are not available on weekends and public holidays until 5.30pm, walk-ins are welcome during these times.",https://www.pscafe.com/pscafe-east-coast-park,event,https://www.pscafe.com/pscafe-east-coast-park,FALSE,From $5,Varies according to menu item,,,,Suitable for all ages,0,99,Available daily,"Sun - Thu & PH: 8am - 10pm, Fri, Sat & Eve of PH: 8am - 10.30pm",1970-01-01 0:00:00,2099-12-31 23:59:00,PS.Cafe East Coast Park,"1110 ECP, Singapore 449880",Kids-friendly dining,"[{""local_path"": ""events_output/event_1/images/user_uploads/PS_Cafe_East_Coast_Park___Seaside_Dining_Venue_1.webp"", ""filename"": ""PS_Cafe_East_Coast_Park___Seaside_Dining_Venue_1.webp"", ""original_url"": ""https://www.pscafe.com/pscafe-east-coast-park"", ""source_credit"": ""pscafe""}, {""local_path"": ""events_output/event_1/images/user_uploads/PS_Cafe_East_Coast_Park___Seaside_Dining_Venue_2.webp"", ""filename"": ""PS_Cafe_East_Coast_Park___Seaside_Dining_Venue_2.webp"", ""original_url"": ""https://www.pscafe.com/pscafe-east-coast-park"", ""source_credit"": ""pscafe""}, {""url"": ""https://images.squarespace-cdn.com/content/v1/5326c064e4b011eeaa057a38/1753069973335-VJ10ABSJD1Q6K8BNULZQ/ECP%2C+GW%2C+HAR+Brunch+Website+Banner-02.png"", ""source_credit"": ""PS.Cafe""}]",103.9243,1.304165,TRUE,East Region,Bedok,,
300,Tipsy Unicorn: Beach Club Paradise in Sentosa,Tipsy Unicorn,Dazzling beach club with curated events and delights.,"Tipsy Unicorn is a dazzling beach club nestled in Sentosa, creating spectacular moments through curated events, entertainment, fitness, and exceptional culinary delights. Set against a stunning beachfront backdrop, it offers an unforgettable trip to paradise. Enjoy basking in the golden rays or dancing under the enchanting moonlight. The venue provides a vibrant atmosphere suitable for families looking for a unique beach experience with various activities and dining options. It's perfect for those seeking a blend of relaxation and entertainment in a picturesque setting.",https://www.tipsyunicorn.com.sg/,activity,https://www.tipsyunicorn.com.sg/,FALSE,From $5,Varies according to menu item,,,,Suitable for all ages,0,99,Available daily,"Sun - Thu: 11am - 10pm, Fri - Sat: 11am - 12am (Adults only (18+) after 6pm on Fri - Sun, eve of PH)",1970-01-01 0:00:00,2099-12-31 23:59:00,Tipsy Unicorn,"36 Siloso Bch Walk, #01-01 Sentosa Island, 099007",Kids-friendly dining,"[{""url"": ""https://static.wixstatic.com/media/904a35_76824454761c4453886d94fbbd0210a7~mv2.jpg/v1/fill/w_2000,h_2000,al_c,q_100,usm_0.66_1.00_0.01,enc_avif,quality_auto/904a35_76824454761c4453886d94fbbd0210a7~mv2.jpg"", ""source_credit"": ""Tipsy Unicorn""}, {""url"": ""https://static.wixstatic.com/media/904a35_21dda4dc9d1f4c69af6d78b165d96755~mv2.jpg/v1/fill/w_2000,h_2000,al_c,q_100,usm_0.66_1.00_0.01,enc_avif,quality_auto/904a35_21dda4dc9d1f4c69af6d78b165d96755~mv2.jpg"", ""source_credit"": ""Tipsy Unicorn""}, {""url"": ""https://static.wixstatic.com/media/904a35_5de2ace25bed4a9c977c456d7fc6602d~mv2.jpg/v1/fill/w_2000,h_2000,al_c,q_100,usm_0.66_1.00_0.01,enc_avif,quality_auto/904a35_5de2ace25bed4a9c977c456d7fc6602d~mv2.jpg"", ""source_credit"": ""Tipsy Unicorn""}]",103.8139,1.254333,TRUE,Central Region,Southern Islands,,"sentosa, instagrammable"
301,"Frankie & Fern's: Brunch, Coffee, and Dinner Spot",Frankie & Fern's,"Brunch and coffee daily, dinner Fri-Sun, plus last Mondays.","Frankie & Fern's offers a delightful dining experience with brunch and coffee available every day. Dinner service is available from Friday to Sunday, providing a perfect setting for family meals. Additionally, they are open every last Monday of the month for dinner, making it a unique spot for a monthly treat. The restaurant aims to create a welcoming atmosphere for families and individuals alike, with a focus on quality food and friendly service. Enjoy a relaxed meal in a cozy environment, perfect for a casual outing or a special occasion.",https://www.frankienferns.house/,activity,https://www.frankienferns.house/,FALSE,From $5,Varies according to menu item,,,,Suitable for all ages,0,99,Available daily,"Mon – Thu: 9:30am - 5pm, Fri: 9:30am - 9:30pm, Weekends: 9am - 9:30pm",1970-01-01 0:00:00,2099-12-31 23:59:00,Frankie & Fern's,"211 Holland Ave, Holland Road Shopping Centre, 211 Holland Ave, #04-03 Lift beside UOB, Singapore 278967",Kids-friendly dining,"[{""local_path"": ""events_output/event_1/images/user_uploads/Frankie___Fern_s__Brunch__Coffee__and_Dinner_Spot_1.webp"", ""filename"": ""Frankie___Fern_s__Brunch__Coffee__and_Dinner_Spot_1.webp"", ""original_url"": ""https://www.frankienferns.house/menu"", ""source_credit"": ""frankienferns""}, {""local_path"": ""events_output/event_1/images/user_uploads/Frankie___Fern_s__Brunch__Coffee__and_Dinner_Spot_2.webp"", ""filename"": ""Frankie___Fern_s__Brunch__Coffee__and_Dinner_Spot_2.webp"", ""original_url"": ""https://www.frankienferns.house/menu"", ""source_credit"": ""frankienferns""}, {""url"": ""https://images.squarespace-cdn.com/content/v1/658ea0123b3219238da5661d/739d7139-93c6-424f-bcf4-59ee364e1c6a/DSCF1734.jpg"", ""source_credit"": ""Frankie & Fern's""}]",103.7956,1.310681,TRUE,Central Region,Queenstown,,brunch
302,East Coast Commune,East Coast Commune,Brunch with your little one by the beach,"Located in the heart of East Coast Park, East Coast Commune is a charming, sunlit café that blends laid-back coastal vibes with a menu full of fresh, wholesome flavors. Perfect for a post-ride coffee or a slow weekend brunch, the café offers everything from hearty breakfast plates and vibrant grain bowls to house-made bakes and specialty brews. Just steps from the beach, East Coast Commune is pet-friendly, family-friendly, and always welcoming. Whether you're fueling up or winding down, it’s a perfect pitstop by the sea.",https://www.eccommune.com/lbc,activity,https://www.eccommune.com,FALSE,From $5,Varies according to menu item,,,,Suitable for all ages,0,99,Available daily (except Tue),"Mon, Wed & Thur: 8am-5pm, Fri, Weekends: 8am- 9pm",1970-01-01 0:00:00,2099-12-31 23:59:00,East Coast Commune,"1000 ECP, #01-03, Singapore 449876",Kids-friendly dining,"[{""local_path"": ""events_output/event_1/images/user_uploads/East_Coast_Commune_1.webp"", ""filename"": ""East_Coast_Commune_1.webp"", ""original_url"": ""https://www.eccommune.com/"", ""source_credit"": ""eccommune""}, {""local_path"": ""events_output/event_1/images/user_uploads/East_Coast_Commune_2.webp"", ""filename"": ""East_Coast_Commune_2.webp"", ""original_url"": ""https://www.eccommune.com/"", ""source_credit"": ""eccommune""}, {""local_path"": ""events_output/event_1/images/user_uploads/East_Coast_Commune_3.webp"", ""filename"": ""East_Coast_Commune_3.webp"", ""original_url"": ""https://www.eccommune.com/"", ""source_credit"": ""eccommune""}]",103.9129,1.301317,TRUE,Central Region,Marine Parade,,
303,Arbora Hilltop Garden Dining Experience at Faber,Mount Faber Dining,Family-friendly oasis nestled in Mount Faber Peak.,"Arbora is a family-friendly dining destination nestled within the lush greenery of Mount Faber Peak. Refreshed with a brand-new canopy, it offers a cool and breezy atmosphere for all-day casual dining. Open from 11 AM to 9.30 PM daily, Arbora is perfect for family gatherings, featuring a spacious and playful setting where kids can explore while parents relax and enjoy delicious food. The restaurant provides a unique hilltop garden dining experience, making it an ideal spot for families seeking a relaxing and enjoyable meal amidst nature. It's a great place for kids to have fun and for parents to unwind.",https://mountfaberdining.com/pages/arbora,activity,https://mountfaberdining.com/pages/arbora,FALSE,From $5,Varies according to menu item,,,,Suitable for all ages,0,99,Available daily,"Available daily, 11am - 9.30pm",1970-01-01 0:00:00,2099-12-31 23:59:00,Arbora,"109 Mount Faber Rd, Mount Faber Peak, Singapore 099203",Kids-friendly dining,"[{""local_path"": ""events_output/event_1/images/user_uploads/Arbora_Hilltop_Garden_Dining_Experience_at_Faber_1.jpg"", ""filename"": ""Arbora_Hilltop_Garden_Dining_Experience_at_Faber_1.jpg"", ""original_url"": ""https://mountfaberdining.com/pages/arbora"", ""source_credit"": ""mountfaberdining""}, {""url"": ""https://mountfaberdining.com/cdn/shop/files/brand_page_pics_5.png?v=1721377237&width=1920"", ""source_credit"": ""Mount Faber Dining""}, {""url"": ""https://mountfaberdining.com/cdn/shop/files/toast_for_2_1.png?v=1748922525&width=1920"", ""source_credit"": ""Mount Faber Dining""}]",103.8193,1.271287,TRUE,Central Region,Bukit Merah,Play area,"mount faber, cable car"
304,Honest Food in Small Batches Experience,Batch,Quality and artisanality in everything we offer.,"Honest to goodness, it is our commitment to quality and artisanality in everything we offer to you and your little ones. Comfortable classics don't need to be overprocessed, think in-house sourdough, fresh pasta, and bakes. As we continually gain inspiration from what’s grown around us, escape from the hustle and bustle to a space that feels like a haven rather than an interruption to the iconic gardens.",https://www.batch.sg/,activity,https://www.batch.sg/,FALSE,From $5,Varies according to menu item,,,,Suitable for all ages,0,99,Available daily (except Mon),"Weekdays (except Mon): 9am - 6pm, Weekends: 8am -6pm",1970-01-01 0:00:00,2099-12-31 23:59:00,Batch,"26 Haig Rd, Singapore 438735",Kids-friendly dining,"[{""local_path"": ""events_output/event_1/images/user_uploads/Honest_Food_in_Small_Batches_Experience_1.webp"", ""filename"": ""Honest_Food_in_Small_Batches_Experience_1.webp"", ""original_url"": ""https://www.batch.sg/home"", ""source_credit"": ""batch""}, {""url"": ""https://images.squarespace-cdn.com/content/v1/665d3fc8af6ef24f0a9d549a/c05c8e1f-5182-4ac0-8c22-d89d9744207d/R70A3921.jpeg"", ""source_credit"": ""Batch""}]",103.8957,1.313289,TRUE,Central Region,Geylang,,
305,GRUB at Bishan Park - Family-Friendly Restaurant,GRUB,Dine amidst nature at Bishan Park River Plains.,"GRUB at Bishan Park River Plains offers a family-friendly dining experience with a diverse menu suitable for all ages. Enjoy a relaxed atmosphere with options for breakfast, lunch, and dinner. Perfect for a casual meal with the family, GRUB provides a welcoming environment and tasty food. Located in Bishan Park, it's a great choice for families enjoying the park. With a focus on quality ingredients and friendly service, GRUB ensures a pleasant dining experience for everyone. The menu includes a variety of options to cater to different tastes, ensuring that even the pickiest eaters will find something they enjoy. The restaurant also offers special menus for different times of the day, providing a range of choices for breakfast, lunch, and dinner.",https://grub.com.sg/#locations,activity,https://grub.com.sg/#locations,FALSE,From $5,Varies according to menu item,,,,Suitable for all ages,0,99,Available daily,"Weekdays: 11am - 10pm, Weekends/PH: 8.30am - 10pm",1970-01-01 0:00:00,2099-12-31 23:59:00,Bishan Park,"9 Bishan Pl, #01-38 Junction 8, Singapore 579837",Kids-friendly dining,"[{""url"": ""https://grub.com.sg/wp-content/uploads/2024/07/3-_-Grub-SG-_-Grub-Pasta-Kitchen-_-Small-Res.jpg"", ""source_credit"": ""GRUB""}]",103.8486,1.350907,TRUE,Central Region,Bishan,,
306,GRUB at Stevens - Family-Friendly Restaurant,GRUB,Enjoy delicious meals and a welcoming atmosphere at GRUB.,"GRUB at Bishan Park River Plains offers a family-friendly dining experience with a diverse menu suitable for all ages. Enjoy a relaxed atmosphere with options for breakfast, lunch, and dinner. Perfect for a casual meal with the family, GRUB provides a welcoming environment and tasty food. Located in Bishan Park, it's a great choice for families enjoying the park. With a focus on quality ingredients and friendly service, GRUB ensures a pleasant dining experience for everyone. The menu includes a variety of options to cater to different tastes, ensuring that even the pickiest eaters will find something they enjoy. The restaurant also offers special menus for different times of the day, providing a range of choices for breakfast, lunch, and dinner.",https://grub.com.sg/#locations,activity,https://grub.com.sg/#locations,FALSE,From $5,Varies according to menu item,,,,Suitable for all ages,0,99,Available daily,"Available daily, 12pm – 11pm",1970-01-01 0:00:00,2099-12-31 23:59:00,GRUB Restaurant,"30 Stevens Rd, #01-06 Novotel @ Stevens, Singapore 257840",Kids-friendly dining,"[{""local_path"": ""events_output/event_2/images/user_uploads/GRUB_at_Stevens___Family_Friendly_Restaurant_1.jpg"", ""filename"": ""GRUB_at_Stevens___Family_Friendly_Restaurant_1.jpg"", ""original_url"": ""https://grub.com.sg/#locations"", ""source_credit"": ""grub""}, {""url"": ""https://grub.com.sg/wp-content/uploads/2022/01/Grub-Fish-Burger-Landscape_LR-610x407.jpg"", ""source_credit"": ""GRUB""}]",103.8286,1.313634,TRUE,Central Region,Tanglin,,
307,Carrotsticks and Cravings - Robertson Quay Venue,Carrotsticks and Cravings,Healthy and delicious meals in a family-friendly space.,"Carrotsticks and Cravings at Robertson Quay offers a delightful dining experience with a focus on healthy and delicious meals. The venue provides a family-friendly atmosphere, making it a great spot for parents and kids to enjoy a meal together. The menu features a variety of options catering to different dietary needs and preferences, ensuring everyone finds something they love. Enjoy fresh ingredients and flavorful dishes in a relaxed setting, perfect for a casual outing with the family.",https://www.carrotsticksandcravings.com/,activity,https://www.carrotsticksandcravings.com/,FALSE,From $5,Varies according to menu item,,,,Suitable for all ages,0,99,Available daily,"Available daily, 8am - 5pm",1970-01-01 0:00:00,2099-12-31 23:59:00,Robertson Quay,"7 Rodyk St, #01-34, Singapore 238215",Kids-friendly dining,"[{""local_path"": ""events_output/event_1/images/user_uploads/Carrotsticks_and_Cravings___Robertson_Quay_Venue_1.jpg"", ""filename"": ""Carrotsticks_and_Cravings___Robertson_Quay_Venue_1.jpg"", ""original_url"": ""https://www.carrotsticksandcravings.com/"", ""source_credit"": ""carrotsticksandcravings""}]",103.8377,1.289927,TRUE,Central Region,Singapore River,,
308,Platform 1094: A Wizarding Dining Experience,FRESH FRUITS LAB GROUP,A magical fantasy world with mystical decor.,"Step into Platform 1094 and be transported to a magical fantasy world. The decor and food are specially designed to exude an air of magic, perfect for families and kids who love wizardry. Enjoy a unique dining experience with Insta-worthy backgrounds and props. It's a great place for families to enjoy a themed dining experience. The restaurant offers a unique and immersive environment that caters to both adults and children, making it a memorable outing for all ages. The magical theme is sure to captivate the imagination of younger visitors.",https://ffl.com.sg/concepts/platform-1094/,activity,https://ffl.com.sg/concepts/platform-1094/,FALSE,From $5,Varies according to menu item,,,,Suitable for all ages,0,99,Available daily (except Mon),"Available daily (except Mon), 11am - 10pm",1970-01-01 0:00:00,2099-12-31 23:59:00,Platform 1094,"1094 Serangoon Rd, Singapore 328192",Kids-friendly dining,"[{""local_path"": ""events_output/event_1/images/user_uploads/Platform_1094__A_Wizarding_Dining_Experience_1.webp"", ""filename"": ""Platform_1094__A_Wizarding_Dining_Experience_1.webp"", ""original_url"": ""https://ffl.com.sg/concepts/platform-1094/"", ""source_credit"": ""ffl""}, {""local_path"": ""events_output/event_1/images/user_uploads/Platform_1094__A_Wizarding_Dining_Experience_2.webp"", ""filename"": ""Platform_1094__A_Wizarding_Dining_Experience_2.webp"", ""original_url"": ""https://ffl.com.sg/concepts/platform-1094/"", ""source_credit"": ""ffl""}]",103.8651,1.323759,TRUE,Central Region,Kallang,,harry potter
309,Fusion Spoon at Botanic Garden Self-Order Kiosk,Fusion Spoon,Order foods & drinks at our self-order & payment kiosk,"Fusion Spoon at Botanic Garden offers a self-order and payment kiosk for a convenient dining experience. Customers can select dine-in or takeaway options, choose food and drink items, confirm their order, and choose a mode of payment. After collecting the receipt, customers wait for their queue number to be called and collect their orders from the designated collection point. There is no service charge, and customers are encouraged to return their trays to the tray return station. The venue offers a variety of food and drink options suitable for families and children visiting the Botanic Gardens, including bingsu and waffle ice cream available at the Bingsu Corner. This family-friendly dining spot provides a hassle-free experience for parents and kids alike.",https://fpgrp.com.sg/fusion-spoon-at-botanic-garden/menu-main.html,activity,https://fpgrp.com.sg/fusion-spoon-at-botanic-garden/menu-main.html,FALSE,From $5,Varies according to menu item,,,,Suitable for all ages,0,99,Available daily,"Weekdays: 9am – 9pm, Weekend/PH: 7.30am - 9.30pm",1970-01-01 0:00:00,2099-12-31 23:59:00,Fusion Spoon at Botanic Garden,"Singapore Botanic Gardens, Tanglin Gate, 1 Cluny Rd, #B1-00, Singapore 259569",Kids-friendly dining,"[{""local_path"": ""events_output/event_1/images/user_uploads/Fusion_Spoon_at_Botanic_Garden_Self_Order_Kiosk_1.jpg"", ""filename"": ""Fusion_Spoon_at_Botanic_Garden_Self_Order_Kiosk_1.jpg"", ""original_url"": ""https://fpgrp.com.sg/fusion-spoon-at-botanic-garden/menu-main.html"", ""source_credit"": ""fpgrp""}, {""local_path"": ""events_output/event_1/images/user_uploads/Fusion_Spoon_at_Botanic_Garden_Self_Order_Kiosk_2.jpg"", ""filename"": ""Fusion_Spoon_at_Botanic_Garden_Self_Order_Kiosk_2.jpg"", ""original_url"": ""https://fpgrp.com.sg/fusion-spoon-at-botanic-garden/menu-main.html"", ""source_credit"": ""fpgrp""}, {""local_path"": ""events_output/event_1/images/user_uploads/Fusion_Spoon_at_Botanic_Garden_Self_Order_Kiosk_3.jpg"", ""filename"": ""Fusion_Spoon_at_Botanic_Garden_Self_Order_Kiosk_3.jpg"", ""original_url"": ""https://fpgrp.com.sg/fusion-spoon-at-botanic-garden/menu-main.html"", ""source_credit"": ""fpgrp""}, {""url"": ""https://fpgrp.com.sg/fusion-spoon-at-botanic-garden/images/logo.png"", ""source_credit"": ""Fusion Spoon""}]",103.8182,1.307957,TRUE,Central Region,Tanglin,Play area,"Botanical garden, brunch"
310,Baker & Cook - Dempsey,Baker & Cook,Dempsey Playground Reopens!,"Baker & Cook Dempsey offers a delightful experience for families with its reopened playground. The playground provides a safe and fun environment for children to play while parents can enjoy the bakery's offerings. It features various play structures designed to entertain kids of different ages. The reopening is scheduled from July to September, making it a perfect spot for a family outing. Enjoy freshly baked goods and coffee while the kids have a blast at the playground. The venue is family-friendly and welcomes children of all ages to enjoy the facilities.",https://www.bakerandcook.com/,activity,https://www.bakerandcook.com/,FALSE,From $5,Prices vary according to menu item,,,,Suitable for all ages,0,99,Available daily,"Mon - Thu: 8am - 9.30pm, Fri - Sun: 8am - 10pm",1970-01-01 0:00:00,2099-12-31 23:59:00,Baker & Cook Dempsey,"30C Loewen Rd, Singapore 248839",Kids-friendly dining,"[{""local_path"": ""events_output/event_1/images/user_uploads/Baker___Cook___Dempsey_1.webp"", ""filename"": ""Baker___Cook___Dempsey_1.webp"", ""original_url"": ""https://www.bakerandcook.com/locations"", ""source_credit"": ""bakerandcook""}, {""local_path"": ""events_output/event_1/images/user_uploads/Baker___Cook___Dempsey_2.webp"", ""filename"": ""Baker___Cook___Dempsey_2.webp"", ""original_url"": ""https://www.bakerandcook.com/happenings/playground-reopen"", ""source_credit"": ""bakerandcook""}, {""local_path"": ""events_output/event_1/images/user_uploads/Baker___Cook___Dempsey_3.webp"", ""filename"": ""Baker___Cook___Dempsey_3.webp"", ""original_url"": ""https://www.bakerandcook.com/happenings/playground-reopen"", ""source_credit"": ""bakerandcook""}]",103.8123,1.303557,TRUE,Central Region,Tanglin,Play area,
311,Hard Rock Cafe Singapore - Orchard Road Location,Hard Rock Cafe,"Located in Orchard Road, Singapore's shopping hub.","Hard Rock Cafe Singapore is located at the beginning of Orchard Road, Singapore's premier shopping destination. The cafe offers a family-friendly dining experience with a rock 'n' roll atmosphere. It features a restaurant, bar, and a Rock Shop where you can purchase Hard Rock Cafe merchandise. The venue is accessible by car and public transportation, with parking readily available for cars. While bus parking facilities are not available, the central location makes it easy to reach. Enjoy classic American cuisine and live music in a vibrant setting suitable for families and music lovers of all ages. The cafe provides a unique blend of dining and entertainment.",https://cafe.hardrock.com/singapore/,event,https://cafe.hardrock.com/singapore/,TRUE,From $5,"Varies according to menu item. Kids dine free on weekends, 12pm - 5pm",,,,Suitable for all ages,0,99,Available daily,"Available daily, 11am - 11pm",1970-01-01 0:00:00,2099-12-31 23:59:00,Hard Rock Cafe Singapore,"50 Cuscaden Rd, #02-01 Hpl House, Singapore 249724",Kids-friendly dining,"[{""local_path"": ""events_output/event_1/images/user_uploads/Hard_Rock_Cafe_Singapore___Orchard_Road_Location_1.jpeg"", ""filename"": ""Hard_Rock_Cafe_Singapore___Orchard_Road_Location_1.jpeg"", ""original_url"": ""https://cafe.hardrock.com/singapore/"", ""source_credit"": ""hardrock""}, {""local_path"": ""events_output/event_1/images/user_uploads/Hard_Rock_Cafe_Singapore___Orchard_Road_Location_2.jpg"", ""filename"": ""Hard_Rock_Cafe_Singapore___Orchard_Road_Location_2.jpg"", ""original_url"": ""https://cafe.hardrock.com/singapore/"", ""source_credit"": ""hardrock""}]",103.8281,1.305777,TRUE,Central Region,Orchard,Kids dine free,"messi, burger"
312,Huber's Bistro: A Culinary Experience for Families,Huber's,"Enjoy quality dining in a relaxed, family-friendly bistro.","Huber's Bistro offers a delightful culinary experience for families. With a diverse menu catering to various tastes, it's an ideal spot for a relaxed meal. The bistro provides a welcoming atmosphere where families can enjoy quality time together while savoring delicious food. From hearty mains to delectable desserts, there's something for everyone. Please note that the bistro is closed on Mondays, including public holidays that fall on Mondays, and reservations are not accepted.",https://www.hubers.com.sg/Bistro.aspx,activity,https://www.hubers.com.sg/Bistro.aspx,FALSE,From $5,Varies according to menu item,,,,Suitable for all ages,0,99,Available daily (except Mon),"Weekday (except Mon): 11am - 10pm, Weekends/PH: 9.30am - 10pm",1970-01-01 0:00:00,2099-12-31 23:59:00,Huber's Bistro,"22 Dempsey Rd, Singapore 249679",Kids-friendly dining,"[{""local_path"": ""events_output/event_1/images/user_uploads/Huber_s_Bistro__A_Culinary_Experience_for_Families_1.jpg"", ""filename"": ""Huber_s_Bistro__A_Culinary_Experience_for_Families_1.jpg"", ""original_url"": ""https://www.hubers.com.sg/Default.aspx"", ""source_credit"": ""hubers""}, {""url"": ""https://www.hubers.com.sg/Upload/BistroBanner/BistroBanner20210716102453674.jpg"", ""source_credit"": ""Huber's""}]",103.81,1.30718,TRUE,Central Region,Tanglin,Play area,steak
