ID,title,organiser,blurb,description,guid,activity_or_event,url,is_free,price_display_teaser,price_display,price,min_price,max_price,age_group_display,min_age,max_age,datetime_display_teaser,datetime_display,start_datetime,end_datetime,venue_name,resolved address,categories,images,longitude,latitude,checked,area,district,Label tag,Keyword tag
178,IMM Mall Playground and Family-Friendly Activities,Playpoint Asia,Discover play areas & family fun at IMM Mall now!,"IMM Mall offers a variety of family-friendly activities and play areas designed to entertain children of all ages. From interactive playgrounds to engaging events, there's always something exciting happening at IMM. Explore the mall's dedicated play zones, which feature soft play areas, climbing structures, and sensory experiences. These spaces provide a safe and stimulating environment for kids to explore and develop their motor skills. Additionally, IMM Mall hosts regular events and workshops tailored to families, including arts and crafts sessions, storytelling performances, and seasonal celebrations. With its diverse range of offerings, IMM Mall is the perfect destination for a fun-filled day out with the family.",https://playpoint.asia/projects/malls/?filter-country=singapore,activity,https://playpoint.asia/projects/malls/?filter-country=singapore,TRUE,Free,Free,0,0,,1 to 12 years old,0,12,Available daily,"Available daily, 10am - 10pm",1970-01-01T00:00:00+08:00,2099-12-31T23:59:59+08:00,IMM Mall,"3 Gateway Dr, Level 3, unit #36/37 Westgate, Singapore 608532","Mall related, Outdoor Playground","[{""local_path"": ""events_output/event_1/images/user_uploads/IMM_Mall_Playground_and_Family_Friendly_Activities_1.jpg"", ""filename"": ""IMM_Mall_Playground_and_Family_Friendly_Activities_1.jpg"", ""original_url"": ""https://playpoint.asia/projects/malls/imm-mall/"", ""source_credit"": ""playpoint""}, {""local_path"": ""events_output/event_1/images/user_uploads/IMM_Mall_Playground_and_Family_Friendly_Activities_2.jpg"", ""filename"": ""IMM_Mall_Playground_and_Family_Friendly_Activities_2.jpg"", ""original_url"": ""https://playpoint.asia/projects/malls/imm-mall/"", ""source_credit"": ""playpoint""}, {""local_path"": ""events_output/event_1/images/user_uploads/IMM_Mall_Playground_and_Family_Friendly_Activities_3.jpg"", ""filename"": ""IMM_Mall_Playground_and_Family_Friendly_Activities_3.jpg"", ""original_url"": ""https://playpoint.asia/projects/malls/imm-mall/"", ""source_credit"": ""playpoint""}, {""url"": ""https://playpoint.asia/wp-content/uploads/IMM_Feat_01.jpg"", ""source_credit"": ""Playpoint Asia""}]",103.7427835,1.3343784,TRUE,West Region,Jurong East,,"Slide, trampoline, merry-go-round, swing"
179,New Bahru Playground and Activity Center Venue,Playpoint Asia,Explore the New Bahru playground and activity center.,"New Bahru offers a dynamic space for families and children to engage in various activities. The venue features a playground designed to stimulate creativity and physical activity, providing a safe and enjoyable environment for kids of all ages. With a focus on interactive play and family-friendly amenities, New Bahru is an ideal destination for a fun-filled day out. The center includes play areas, comfortable seating for parents, and dedicated spaces for various events and workshops. It is designed to cater to families looking for a blend of recreation and relaxation in a vibrant setting.",https://playpoint.asia/projects/malls/?filter-country=singapore,activity,https://playpoint.asia/projects/malls/?filter-country=singapore,TRUE,Free,Free,0,0,,1 to 12 years old,0,12,Available daily,Available daily,1970-01-01T00:00:00+08:00,2099-12-31T23:59:59+08:00,New Bahru,"58 Kim Yam Rd, #04-01, Singapore 239359",Outdoor Playground,"[{""local_path"": ""events_output/event_2/images/user_uploads/New_Bahru_Playground_and_Activity_Center_Venue_1.jpg"", ""filename"": ""New_Bahru_Playground_and_Activity_Center_Venue_1.jpg"", ""original_url"": ""https://playpoint.asia/projects/malls/new-bahru/"", ""source_credit"": ""playpoint""}, {""local_path"": ""events_output/event_2/images/user_uploads/New_Bahru_Playground_and_Activity_Center_Venue_2.jpg"", ""filename"": ""New_Bahru_Playground_and_Activity_Center_Venue_2.jpg"", ""original_url"": ""https://playpoint.asia/projects/malls/new-bahru/"", ""source_credit"": ""playpoint""}, {""url"": ""https://playpoint.asia/wp-content/uploads/NewBahru_Feat_01.jpg"", ""source_credit"": ""Playpoint Asia""}]",103.8396061,1.2929534,TRUE,Central Region,River Valley,,"Slide, swing, trampoline, tunnel, oatside"
180,Aperia Mall Playground and Family Fun Activities,Playpoint Asia,Discover family-friendly fun at Aperia Mall today!,"Aperia Mall offers a variety of activities suitable for families and children. From indoor playgrounds to interactive play areas, there's something for everyone to enjoy. Explore the mall's family-friendly amenities and create lasting memories with your loved ones. Aperia Mall provides a safe and engaging environment for kids to play and explore. Parents can relax and unwind while their children have fun. The mall also hosts regular events and activities for families to participate in. Enjoy a day of fun and excitement at Aperia Mall with your family.",https://playpoint.asia/projects/malls/?filter-country=singapore,activity,https://playpoint.asia/projects/malls/?filter-country=singapore,TRUE,Free,Free,0,0,,1 to 12 years old,0,12,Available daily,"Available daily, 10am - 10pm",1970-01-01T00:00:00+08:00,2099-12-31T23:59:59+08:00,Aperia Mall,"180 Kitchener Road, Mall, #02-19A City Square, Singapore 208539","Mall related, Outdoor Playground","[{""local_path"": ""events_output/event_3/images/user_uploads/Aperia_Mall_Playground_and_Family_Fun_Activities_1.jpg"", ""filename"": ""Aperia_Mall_Playground_and_Family_Fun_Activities_1.jpg"", ""original_url"": ""https://playpoint.asia/projects/malls/aperia-mall/"", ""source_credit"": ""playpoint""}, {""local_path"": ""events_output/event_3/images/user_uploads/Aperia_Mall_Playground_and_Family_Fun_Activities_2.jpg"", ""filename"": ""Aperia_Mall_Playground_and_Family_Fun_Activities_2.jpg"", ""original_url"": ""https://playpoint.asia/projects/malls/aperia-mall/"", ""source_credit"": ""playpoint""}, {""local_path"": ""events_output/event_3/images/user_uploads/Aperia_Mall_Playground_and_Family_Fun_Activities_3.jpg"", ""filename"": ""Aperia_Mall_Playground_and_Family_Fun_Activities_3.jpg"", ""original_url"": ""https://playpoint.asia/projects/malls/aperia-mall/"", ""source_credit"": ""playpoint""}, {""url"": ""https://playpoint.asia/wp-content/uploads/10_Aperia_Mall_FeatImage_01.jpg"", ""source_credit"": ""Playpoint Asia""}]",103.8565897,1.3113982,TRUE,Central Region,Kallang,,"hammock, toddler, trampoline, tunnel"
181,Shaw Plaza Family Entertainment and Activities,Playpoint Asia,Discover family fun at Shaw Plaza mall today!,"Shaw Plaza offers a variety of family-friendly entertainment options. Explore the mall's play areas designed for children of all ages. Enjoy interactive games, creative workshops, and exciting activities that cater to families. With a focus on creating memorable experiences, Shaw Plaza provides a safe and engaging environment for kids to play and learn. Parents can relax and unwind while their children have fun. The mall also features dining options suitable for families, making it a perfect destination for a day out. Discover the joy of family time at Shaw Plaza, where entertainment and convenience come together.",https://playpoint.asia/projects/malls/?filter-country=singapore,activity,https://playpoint.asia/projects/malls/?filter-country=singapore,TRUE,Free,Free,0,0,,1 to 12 years old,0,12,Available daily,"Available daily, 10am - 10pm",1970-01-01T00:00:00+08:00,2099-12-31T23:59:59+08:00,Shaw Plaza,"360 Balestier Road #0401, Balestier, Level 4 beside Shaw Theatres, Shaw Plaza, Singapore 329783","Mall related, Indoor Playground","[{""local_path"": ""events_output/event_4/images/user_uploads/Shaw_Plaza_Family_Entertainment_and_Activities_1.jpg"", ""filename"": ""Shaw_Plaza_Family_Entertainment_and_Activities_1.jpg"", ""original_url"": ""https://playpoint.asia/projects/malls/shaw-plaza/"", ""source_credit"": ""playpoint""}, {""local_path"": ""events_output/event_4/images/user_uploads/Shaw_Plaza_Family_Entertainment_and_Activities_2.jpg"", ""filename"": ""Shaw_Plaza_Family_Entertainment_and_Activities_2.jpg"", ""original_url"": ""https://playpoint.asia/projects/malls/shaw-plaza/"", ""source_credit"": ""playpoint""}, {""url"": ""https://playpoint.asia/wp-content/uploads/Shaw_Feat_01.jpg"", ""source_credit"": ""Playpoint Asia""}]",103.8509168,1.3251797,TRUE,Central Region,Novena,,"zipline, trampoline, flying fox, tunnel, slide"
182,i12 Katong                                        ,Playpoint Asia,i12 Katong                                        ,"i12 Katong is a vibrant shopping mall that offers a variety of retail, dining, and entertainment options. It caters to families with children, providing a welcoming and engaging environment for all visitors. The mall features a mix of international and local brands, ensuring a diverse shopping experience. With its modern design and convenient location, i12 Katong is a popular destination for both locals and tourists. It provides a comfortable and enjoyable experience for families looking to spend quality time together.",https://playpoint.asia/projects/malls/?filter-country=singapore,activity,https://playpoint.asia/projects/malls/?filter-country=singapore,TRUE,Free,Free,0,0,,1 to 6 years old,0,6,Available daily,"Available daily, 10am - 10pm",1970-01-01T00:00:00+08:00,2099-12-31T23:59:59+08:00,i12 Katong,"112 E Coast Rd, Singapore 428802","Mall related, Indoor Playground","[{""url"": ""https://playpoint.asia/wp-content/uploads/i12_Feat_01.jpg"", ""source_credit"": ""Playpoint Asia""}]",103.9052341,1.3052433,TRUE,Central Region,Marine Parade,,"soft play, toddler, baby, small, wall game, "
183,Great World City Mall Playground Adventure Zone,Playpoint Asia,Explore the playground at Great World City Mall.,"Great World City Mall offers a playground for children. It features various play structures designed to entertain and engage kids of different ages. The playground provides a safe and fun environment where children can climb, slide, and explore. Parents can relax while their children enjoy active play. The area is designed to promote physical activity and social interaction among children. It's a great place for families to spend quality time together while shopping or dining at the mall. The playground is suitable for families with young children looking for a fun and safe place to play.",https://playpoint.asia/projects/malls/?filter-country=singapore,activity,https://playpoint.asia/projects/malls/?filter-country=singapore,TRUE,Free,Free,0,0,,1 to 12 years old,0,12,Available daily,"Available daily, 10am - 10pm",1970-01-01T00:00:00+08:00,2099-12-31T23:59:59+08:00,Great World City Mall,"1 Kim Seng Promenade, Singapore 237994","Mall related, Outdoor Playground","[{""local_path"": ""events_output/event_6/images/user_uploads/Great_World_City_Mall_Playground_Adventure_Zone_1.jpg"", ""filename"": ""Great_World_City_Mall_Playground_Adventure_Zone_1.jpg"", ""original_url"": ""https://playpoint.asia/projects/malls/great-world/"", ""source_credit"": ""playpoint""}, {""local_path"": ""events_output/event_6/images/user_uploads/Great_World_City_Mall_Playground_Adventure_Zone_2.jpg"", ""filename"": ""Great_World_City_Mall_Playground_Adventure_Zone_2.jpg"", ""original_url"": ""https://playpoint.asia/projects/malls/great-world/"", ""source_credit"": ""playpoint""}, {""local_path"": ""events_output/event_6/images/user_uploads/Great_World_City_Mall_Playground_Adventure_Zone_3.jpg"", ""filename"": ""Great_World_City_Mall_Playground_Adventure_Zone_3.jpg"", ""original_url"": ""https://playpoint.asia/projects/malls/great-world/"", ""source_credit"": ""playpoint""}, {""local_path"": ""events_output/event_6/images/user_uploads/Great_World_City_Mall_Playground_Adventure_Zone_4.jpg"", ""filename"": ""Great_World_City_Mall_Playground_Adventure_Zone_4.jpg"", ""original_url"": ""https://playpoint.asia/projects/malls/great-world/"", ""source_credit"": ""playpoint""}, {""url"": ""https://playpoint.asia/wp-content/uploads/GWC_Feat_01.jpg"", ""source_credit"": ""Playpoint Asia""}]",103.8321908,1.2938805,TRUE,Central Region,Singapore River,,"slide, train, toddler, tunnel, trampoline"
184,Discovery Slides at Jewel Changi Airport,Playpoint,Discovery Slides at Jewel Changi Airport venue.,"The Discovery Slides at Jewel Changi Airport offer a unique and thrilling experience for visitors of all ages. These giant slides are integrated into the architecture of Jewel, providing a fun and exciting way to explore the space. Families can enjoy sliding down these structures, creating memorable moments together. The slides are designed to be safe and enjoyable for children and adults alike, making it a perfect activity for a family outing. The venue provides a playful and engaging environment for kids and parents to bond and have fun.",https://playpoint.asia/projects/malls/?filter-country=singapore,activity,https://playpoint.asia/projects/malls/?filter-country=singapore,FALSE,From $6,"Singapore residents: $6, Standard rates: $8 ",0,0,,5 years old and above (min height 110cm),5,99,Available daily,"Mon - Thu: 10am - 9pm, Fri - Sun, PH & Eve of PH: 10am - 10pm",1970-01-01T00:00:00+08:00,2099-12-31T23:59:59+08:00,Jewel Changi Airport,"Airport Blvd., Level 5 78, Singapore 819666","Attraction, Indoor Playground, Mall related","[{""local_path"": ""events_output/event_7/images/user_uploads/Discovery_Slides_at_Jewel_Changi_Airport_1.jpg"", ""filename"": ""Discovery_Slides_at_Jewel_Changi_Airport_1.jpg"", ""original_url"": ""https://playpoint.asia/projects/malls/discovery-slides-at-jewel-changi-airport/"", ""source_credit"": ""playpoint""}, {""local_path"": ""events_output/event_7/images/user_uploads/Discovery_Slides_at_Jewel_Changi_Airport_2.jpg"", ""filename"": ""Discovery_Slides_at_Jewel_Changi_Airport_2.jpg"", ""original_url"": ""https://playpoint.asia/projects/malls/discovery-slides-at-jewel-changi-airport/"", ""source_credit"": ""playpoint""}, {""local_path"": ""events_output/event_7/images/user_uploads/Discovery_Slides_at_Jewel_Changi_Airport_3.jpg"", ""filename"": ""Discovery_Slides_at_Jewel_Changi_Airport_3.jpg"", ""original_url"": ""https://playpoint.asia/projects/malls/discovery-slides-at-jewel-changi-airport/"", ""source_credit"": ""playpoint""}, {""url"": ""https://playpoint.asia/wp-content/uploads/05jewel_022-1.jpg"", ""source_credit"": ""Playpoint""}]",103.9895888,1.3600986,TRUE,East Region,Changi,,Slide
185,"Vivo City, Singapore - Family Fun Destination",Playpoint Asia,A premier shopping mall with family-friendly facilities.,"VivoCity is a large shopping mall located in HarbourFront, Singapore. It offers a wide range of retail outlets, dining options, and entertainment facilities, making it a popular destination for families. The mall features a playground, a rooftop amphitheater, and a wading pool for children. It also hosts various events and activities throughout the year, catering to families with kids of all ages. With its diverse offerings and convenient location, VivoCity provides a comprehensive and enjoyable experience for shoppers and visitors alike. It is designed to be family-friendly.",https://playpoint.asia/projects/malls/?filter-country=singapore,activity,https://playpoint.asia/projects/malls/?filter-country=singapore,TRUE,Free,Free,0,0,,1 to 12 years old,0,12,Available daily,"Available daily, 10am - 10pm",1970-01-01T00:00:00+08:00,2099-12-31T23:59:59+08:00,Vivo City,"1 HarbourFront Walk, #03-12 VivoCity, Singapore 098585","Mall related, Outdoor Playground","[{""local_path"": ""events_output/event_8/images/user_uploads/Vivo_City__Singapore___Family_Fun_Destination_1.jpg"", ""filename"": ""Vivo_City__Singapore___Family_Fun_Destination_1.jpg"", ""original_url"": ""https://playpoint.asia/projects/malls/vivo-city-singapore/"", ""source_credit"": ""playpoint""}, {""local_path"": ""events_output/event_8/images/user_uploads/Vivo_City__Singapore___Family_Fun_Destination_2.jpg"", ""filename"": ""Vivo_City__Singapore___Family_Fun_Destination_2.jpg"", ""original_url"": ""https://playpoint.asia/projects/malls/vivo-city-singapore/"", ""source_credit"": ""playpoint""}, {""local_path"": ""events_output/event_8/images/user_uploads/Vivo_City__Singapore___Family_Fun_Destination_3.jpg"", ""filename"": ""Vivo_City__Singapore___Family_Fun_Destination_3.jpg"", ""original_url"": ""https://playpoint.asia/projects/malls/vivo-city-singapore/"", ""source_credit"": ""playpoint""}, {""local_path"": ""events_output/event_8/images/user_uploads/Vivo_City__Singapore___Family_Fun_Destination_4.jpg"", ""filename"": ""Vivo_City__Singapore___Family_Fun_Destination_4.jpg"", ""original_url"": ""https://playpoint.asia/projects/malls/vivo-city-singapore/"", ""source_credit"": ""playpoint""}, {""url"": ""https://playpoint.asia/wp-content/uploads/Vivo1_065.jpg"", ""source_credit"": ""Playpoint Asia""}]",103.82088,1.263612,TRUE,Central Region,Bukit Merah,Water play,"Slide, water, trampoline, hammock"
186,Tiong Bahru Plaza - Family Fun Destination,Playpoint Asia,A family-friendly mall with play areas and activities.,"Tiong Bahru Plaza offers a variety of family-friendly amenities and activities. The mall features play areas designed for children of different age groups, providing a safe and engaging environment for kids to have fun. With a selection of retail outlets, dining options, and entertainment facilities, Tiong Bahru Plaza is a convenient destination for families looking to spend quality time together. The mall hosts occasional events and promotions catering to families, making it a vibrant hub for community engagement and family-oriented experiences. It is a great place for families to shop, dine, and play.",https://playpoint.asia/projects/malls/?filter-country=singapore,activity,https://playpoint.asia/projects/malls/?filter-country=singapore,TRUE,Free,Free,0,0,,1 to 12 years old,0,12,Available daily,"Available daily, 10am - 10pm",1970-01-01T00:00:00+08:00,2099-12-31T23:59:59+08:00,Tiong Bahru Plaza,"Tiong Bahru Road, Singapore 168732","Mall related, Outdoor Playground","[{""local_path"": ""events_output/event_9/images/user_uploads/Tiong_Bahru_Plaza___Family_Fun_Destination_1.jpg"", ""filename"": ""Tiong_Bahru_Plaza___Family_Fun_Destination_1.jpg"", ""original_url"": ""https://playpoint.asia/projects/malls/tiong-bahru-plaza/"", ""source_credit"": ""playpoint""}, {""local_path"": ""events_output/event_9/images/user_uploads/Tiong_Bahru_Plaza___Family_Fun_Destination_2.jpg"", ""filename"": ""Tiong_Bahru_Plaza___Family_Fun_Destination_2.jpg"", ""original_url"": ""https://playpoint.asia/projects/malls/tiong-bahru-plaza/"", ""source_credit"": ""playpoint""}, {""local_path"": ""events_output/event_9/images/user_uploads/Tiong_Bahru_Plaza___Family_Fun_Destination_3.jpg"", ""filename"": ""Tiong_Bahru_Plaza___Family_Fun_Destination_3.jpg"", ""original_url"": ""https://playpoint.asia/projects/malls/tiong-bahru-plaza/"", ""source_credit"": ""playpoint""}, {""url"": ""https://playpoint.asia/wp-content/uploads/TBP_004-scaled.jpg"", ""source_credit"": ""Playpoint Asia""}]",103.8240181,1.2877978,TRUE,Central Region,Bukit Merah,,"hammock, toddler, trampoline, merry-go-round, rocking horse"
187,Parkside @ Paya Lebar Quarter,Playpoint Asia,Parkside @ Paya Lebar Quarter venue information.,Parkside @ Paya Lebar Quarter is a venue that offers various activities and attractions suitable for families and kids. It provides a space for parents and children to enjoy recreational activities together. The venue includes play areas and amenities designed to cater to the needs of families. It is a family-friendly destination with a focus on providing a safe and enjoyable environment for children to play and explore. The venue aims to create memorable experiences for families through its diverse range of activities and attractions.,https://playpoint.asia/projects/malls/?filter-country=singapore,activity,https://playpoint.asia/projects/malls/?filter-country=singapore,TRUE,Free,Free,0,0,,1 to 12 years old,0,12,Available daily,"Available daily, 10am - 10pm",1970-01-01T00:00:00+08:00,2099-12-31T23:59:59+08:00,Parkside @ Paya Lebar Quarter,2 Tanjong Katong Rd,"Outdoor Playground, Mall related","[{""local_path"": ""events_output/event_10/images/user_uploads/Parkside___Paya_Lebar_Quarter_1.jpg"", ""filename"": ""Parkside___Paya_Lebar_Quarter_1.jpg"", ""original_url"": ""https://playpoint.asia/projects/malls/parkside-paya-lebar-quarters/"", ""source_credit"": ""playpoint""}, {""local_path"": ""events_output/event_10/images/user_uploads/Parkside___Paya_Lebar_Quarter_2.jpg"", ""filename"": ""Parkside___Paya_Lebar_Quarter_2.jpg"", ""original_url"": ""https://www.payalebarquarter.com/about/parkside/?"", ""source_credit"": ""PLQ""}, {""url"": ""https://playpoint.asia/wp-content/uploads/home-banner2_MALLS.jpg"", ""source_credit"": ""Playpoint Asia""}]",103.8928191,1.3156879,TRUE,Central Region,Geylang,,"slide, tunnel"
188,Singpost Centre Mall - Family Fun Destination,Playpoint Asia,Discover family-friendly fun at Singpost Centre Mall.,"Singpost Centre is a vibrant mall offering a variety of family-friendly activities and amenities. Explore retail outlets, dining options, and entertainment facilities suitable for all ages. The mall provides a comfortable and engaging environment for families to spend quality time together. Enjoy shopping, dining, and recreational experiences designed to cater to the needs of both parents and children. With its convenient location and diverse offerings, Singpost Centre is an ideal destination for a fun-filled family outing. Discover play areas and kid-friendly stores.",https://playpoint.asia/projects/malls/?filter-country=singapore,activity,https://playpoint.asia/projects/malls/?filter-country=singapore,TRUE,Free,Free,0,0,,1 to 12 years old,0,12,Available daily,"Available daily, 10am - 10pm",1970-01-01T00:00:00+08:00,2099-12-31T23:59:59+08:00,Singpost Centre,"10 Eunos Rd 8, #02-101/102/K07 SingPost Centre, Singapore 408600","Mall related, Outdoor Playground","[{""local_path"": ""events_output/event_11/images/user_uploads/Singpost_Centre_Mall___Family_Fun_Destination_1.jpg"", ""filename"": ""Singpost_Centre_Mall___Family_Fun_Destination_1.jpg"", ""original_url"": ""https://playpoint.asia/projects/malls/singpost-centre/"", ""source_credit"": ""playpoint""}, {""local_path"": ""events_output/event_11/images/user_uploads/Singpost_Centre_Mall___Family_Fun_Destination_2.jpg"", ""filename"": ""Singpost_Centre_Mall___Family_Fun_Destination_2.jpg"", ""original_url"": ""https://playpoint.asia/projects/malls/singpost-centre/"", ""source_credit"": ""playpoint""}, {""url"": ""https://playpoint.asia/wp-content/uploads/SPC_003.jpg"", ""source_credit"": ""Playpoint Asia""}]",103.8935849,1.3187961,TRUE,Central Region,Geylang,,"slide, rocking horse, trampoline"
189,Happy Park at Waterway Point L2,Playpoint,Waterway Point                                        ,"Happy Park is a vibrant wet and dry playground designed for endless family fun. Little ones can dash through playful jet sprays, dance under water curtains, and cool off in the splash zones. For those who prefer to stay dry, there are winding tunnel slides to zoom down and trampolines to bounce away their energy. Whether it’s water play or land adventures, kids get the best of both worlds in one exciting spot!",https://playpoint.asia/projects/malls/?filter-country=singapore,activity,https://playpoint.asia/projects/malls/?filter-country=singapore,TRUE,Free,Free,0,0,,1 to 12 years old,0,12,Available daily,"Available daily, 10am - 10pm",1970-01-01T00:00:00+08:00,2099-12-31T23:59:59+08:00,Waterway Point,"83 Punggol Central, Singapore 828761","Mall related, Outdoor Playground","[{""local_path"": ""events_output/event_12/images/user_uploads/Waterway_Point_______________________________________1.jpg"", ""filename"": ""Waterway_Point_______________________________________1.jpg"", ""original_url"": ""https://playpoint.asia/projects/malls/waterway-point/"", ""source_credit"": ""playpoint""}, {""url"": ""https://playpoint.asia/wp-content/uploads/WWP_099.jpg"", ""source_credit"": ""Playpoint""}]",103.9021315,1.4070094,TRUE,North-East Region,Punggol,Water play,"slide, tunnel, hammock, water, rooftop"
190,Manulife Sky Nets at Jewel Changi Airport,Playpoint,Experience thrilling adventures at Jewel Changi Airport.,"Manulife Sky Nets at Jewel Changi Airport offers exciting and unique experiences for visitors of all ages. Walk or bounce through the giant nets suspended high above the ground, providing breathtaking views and thrilling moments. Perfect for families and adventure seekers, the Sky Nets promise unforgettable memories. Enjoy a safe and exhilarating adventure amidst the stunning backdrop of Jewel Changi Airport. This attraction is designed to be family-friendly, ensuring that both adults and children can participate and have a fantastic time together. The nets are securely constructed, and trained staff are always on hand to assist and ensure the safety of all participants.",https://playpoint.asia/projects/malls/?filter-country=singapore,activity,https://playpoint.asia/projects/malls/?filter-country=singapore,FALSE,From $10.90,From $10.90 - $18.90,10.9,10.9,18.9,5 years and above,5,99,Available daily,"Available daily, 10am - 9pm",1970-01-01T00:00:00+08:00,2099-12-31T23:59:59+08:00,Jewel Changi Airport,"Airport Blvd., Level 5 78, Singapore 819666","Attraction, Indoor Playground, Mall related","[{""local_path"": ""events_output/event_13/images/user_uploads/Manulife_Sky_Nets_at_Jewel_Changi_Airport_1.jpg"", ""filename"": ""Manulife_Sky_Nets_at_Jewel_Changi_Airport_1.jpg"", ""original_url"": ""https://playpoint.asia/projects/malls/manulife-sky-nets-at-jewel-changi-airport/"", ""source_credit"": ""playpoint""}, {""local_path"": ""events_output/event_13/images/user_uploads/Manulife_Sky_Nets_at_Jewel_Changi_Airport_2.jpg"", ""filename"": ""Manulife_Sky_Nets_at_Jewel_Changi_Airport_2.jpg"", ""original_url"": ""https://playpoint.asia/projects/malls/manulife-sky-nets-at-jewel-changi-airport/"", ""source_credit"": ""playpoint""}, {""local_path"": ""events_output/event_13/images/user_uploads/Manulife_Sky_Nets_at_Jewel_Changi_Airport_3.jpg"", ""filename"": ""Manulife_Sky_Nets_at_Jewel_Changi_Airport_3.jpg"", ""original_url"": ""https://playpoint.asia/projects/malls/manulife-sky-nets-at-jewel-changi-airport/"", ""source_credit"": ""playpoint""}, {""url"": ""https://playpoint.asia/wp-content/uploads/Skynet_035.jpg"", ""source_credit"": ""Playpoint""}]",103.9895888,1.3600986,TRUE,East Region,Changi,,"park, net"
191,Jem Mall Playground and Retail Experience Venue,Playpoint Asia,"Explore Jem, a retail and playground destination.","Jem is a vibrant retail destination that offers a variety of shopping, dining, and entertainment options. It features a wet and dry playground area designed for children, providing a fun and engaging space for families to enjoy. The mall includes a mix of international and local brands, catering to diverse tastes and preferences. Jem also hosts events and activities throughout the year, making it a dynamic and family-friendly destination. With its convenient location and comprehensive offerings, Jem provides a complete lifestyle experience for visitors of all ages. The playground is designed to be safe and stimulating, encouraging active play and social interaction among children.",https://playpoint.asia/projects/malls/?filter-country=singapore,activity,https://playpoint.asia/projects/malls/?filter-country=singapore,TRUE,Free,Free,0,0,,1 to 12 years old,0,12,Available daily,"Available daily, 10am - 10pm",1970-01-01T00:00:00+08:00,2099-12-31T23:59:59+08:00,Jem,"50 Jurong Gateway Rd, level 5, Singapore 608549","Mall related, Outdoor Playground","[{""local_path"": ""events_output/event_14/images/user_uploads/Jem_Mall_Playground_and_Retail_Experience_Venue_1.jpg"", ""filename"": ""Jem_Mall_Playground_and_Retail_Experience_Venue_1.jpg"", ""original_url"": ""https://playpoint.asia/projects/malls/jem/"", ""source_credit"": ""playpoint""}, {""local_path"": ""events_output/event_14/images/user_uploads/Jem_Mall_Playground_and_Retail_Experience_Venue_2.jpg"", ""filename"": ""Jem_Mall_Playground_and_Retail_Experience_Venue_2.jpg"", ""original_url"": ""https://playpoint.asia/projects/malls/jem/"", ""source_credit"": ""playpoint""}, {""local_path"": ""events_output/event_14/images/user_uploads/Jem_Mall_Playground_and_Retail_Experience_Venue_3.jpg"", ""filename"": ""Jem_Mall_Playground_and_Retail_Experience_Venue_3.jpg"", ""original_url"": ""https://playpoint.asia/projects/malls/jem/"", ""source_credit"": ""playpoint""}, {""url"": ""https://playpoint.asia/wp-content/uploads/JEM2_036-copy_feature.jpg"", ""source_credit"": ""Playpoint Asia""}]",103.7437038,1.3330166,TRUE,West Region,Jurong East,Water play,"water, hammock, swing, trampoline"
192,Valley Point Shopping Centre Playground,Valley Point Shopping Centre,Fun and enjoyable environment for children's exercise.,"Our outdoor playground provides a fun and enjoyable environment for children, where play is considered to be one of the most effective forms of exercise. The playground offers a space for kids to engage in physical activity and have fun in a safe and stimulating setting. It is designed to promote healthy development and social interaction among children of various ages. Parents can relax knowing their children are in a secure environment.",https://www.valleypoint.com.sg/home/retail/amenities/,activity,https://www.valleypoint.com.sg/home/retail/amenities/,TRUE,Free,Free,0,0,,1 to 6 years old,0,6,Available daily,"Available daily, 10am - 10pm",1970-01-01T00:00:00+08:00,2099-12-31T23:59:59+08:00,Valley Point Shopping Centre,"491 River Valley Rd, Singapore 248371","Outdoor Playground, Mall related","[{""local_path"": ""events_output/event_10/images/user_uploads/Valley_Point_Shopping_Centre_Playground_1.jpeg"", ""filename"": ""Valley_Point_Shopping_Centre_Playground_1.jpeg"", ""original_url"": """", ""source_credit"": ""User Upload""}]",103.8271408,1.2933441,TRUE,Central Region,Tanglin,,"Toddler, small, slide"
193,Marina Bay Playground,CT-Art Creation,Playgrounds at Marina Bay URA,"Marina Bay Playground provides innovative play areas provide entertainment, social interaction, and fun for families visiting shopping centers across Singapore. With a focus on safety, creativity, and durability, the playgrounds create memorable moments and encourage children to play while parents shop with peace of mind. These playgrounds are designed to be family-friendly and cater to children of various ages.",https://ctart.com.sg/collections/malls,activity,https://ctart.com.sg/collections/malls,TRUE,Free,Free,0,0,,5 to 12 years old,5,12,Available daily,Available daily,1970-01-01T00:00:00+08:00,2099-12-31T23:59:59+08:00,Marina Bay Playground,"11 Marina Blvd, Singapore 018940",Outdoor Playground,"[{""local_path"": ""events_output/event_1/images/user_uploads/CT_Art_Creation_Playgrounds_at_Marina_Bay_URA_1.jpg"", ""filename"": ""CT_Art_Creation_Playgrounds_at_Marina_Bay_URA_1.jpg"", ""original_url"": ""https://ctart.com.sg/collections/malls/products/marina-bay-ura"", ""source_credit"": ""ctart""}, {""local_path"": ""events_output/event_1/images/user_uploads/CT_Art_Creation_Playgrounds_at_Marina_Bay_URA_2.webp"", ""filename"": ""CT_Art_Creation_Playgrounds_at_Marina_Bay_URA_2.webp"", ""original_url"": ""https://ctart.com.sg/collections/malls/products/marina-bay-ura"", ""source_credit"": ""ctart""}, {""local_path"": ""events_output/event_1/images/user_uploads/CT_Art_Creation_Playgrounds_at_Marina_Bay_URA_3.jpg"", ""filename"": ""CT_Art_Creation_Playgrounds_at_Marina_Bay_URA_3.jpg"", ""original_url"": ""https://ctart.com.sg/collections/malls/products/marina-bay-ura"", ""source_credit"": ""ctart""}, {""url"": ""https://ctart.com.sg/cdn/shop/files/project-marina-bay-ura-playground-gallery2.jpg?v=1733389571&width=1200"", ""source_credit"": ""CT-Art Creation""}, {""url"": ""https://ctart.com.sg/cdn/shop/files/project-marina-bay-ura-playground-gallery3.jpg?v=1733813837&width=1200"", ""source_credit"": ""CT-Art Creation""}]",103.8561093,1.2798862,TRUE,Central Region,Downtown Core,,"net, hammock"
194,Shoe House playground at Northpoint City,CT-Art Creation,Playgrounds at Northpoint City,"These innovative play areas provide entertainment, social interaction, and fun for families visiting shopping centers across Singapore. With a focus on safety, creativity, and durability, the playgrounds create memorable moments and encourage children to play while parents shop with peace of mind. These playgrounds are designed to be family-friendly and cater to children of various ages.",https://ctart.com.sg/collections/malls,activity,https://ctart.com.sg/collections/malls,TRUE,Free,Free,0,0,,2 to 12 years old,2,12,Available daily,"Available daily, 10am - 10pm",1970-01-01T00:00:00+08:00,2099-12-31T23:59:59+08:00,Northpoint City,"1 North Point Drive, South Wing, #02-181/182 Northpoint City, Singapore 768019","Mall related, Outdoor Playground","[{""local_path"": ""events_output/event_2/images/user_uploads/Shoe_House_playground_at_Northpoint_City_1.webp"", ""filename"": ""Shoe_House_playground_at_Northpoint_City_1.webp"", ""original_url"": ""https://ctart.com.sg/collections/malls/products/northpoint-city"", ""source_credit"": ""ctart""}, {""local_path"": ""events_output/event_2/images/user_uploads/Shoe_House_playground_at_Northpoint_City_2.webp"", ""filename"": ""Shoe_House_playground_at_Northpoint_City_2.webp"", ""original_url"": ""https://ctart.com.sg/collections/malls/products/northpoint-city"", ""source_credit"": ""ctart""}, {""local_path"": ""events_output/event_2/images/user_uploads/Shoe_House_playground_at_Northpoint_City_3.jpg"", ""filename"": ""Shoe_House_playground_at_Northpoint_City_3.jpg"", ""original_url"": ""https://ctart.com.sg/collections/malls/products/northpoint-city"", ""source_credit"": ""ctart""}]",103.8365725,1.4281844,TRUE,North Region,Yishun,,"slide, trampoline, shoe"
195,Robertson Quay Playground,CT-Art Creation,Playgrounds at Robertson Quay,"These innovative play areas provide entertainment, social interaction, and fun for families visiting shopping centers across Singapore. With a focus on safety, creativity, and durability, the playgrounds create memorable moments and encourage children to play while parents shop with peace of mind. These playgrounds are designed to be family-friendly and cater to children of various ages.",https://ctart.com.sg/collections/malls,activity,https://ctart.com.sg/collections/malls,TRUE,Free,Free,0,0,,2 to 12 years old,2,12,Available daily,Available daily,1970-01-01T00:00:00+08:00,2099-12-31T23:59:59+08:00,Robertson Quay,"3 Nanson Rd, Singapore 238910",Outdoor Playground,"[{""local_path"": ""events_output/event_3/images/user_uploads/Robertson_Quay_Playground_1.jpg"", ""filename"": ""Robertson_Quay_Playground_1.jpg"", ""original_url"": ""https://ctart.com.sg/collections/malls/products/robertson-quay"", ""source_credit"": ""ctart""}, {""local_path"": ""events_output/event_3/images/user_uploads/Robertson_Quay_Playground_2.webp"", ""filename"": ""Robertson_Quay_Playground_2.webp"", ""original_url"": ""https://ctart.com.sg/collections/malls/products/robertson-quay"", ""source_credit"": ""ctart""}, {""local_path"": ""events_output/event_3/images/user_uploads/Robertson_Quay_Playground_3.webp"", ""filename"": ""Robertson_Quay_Playground_3.webp"", ""original_url"": ""https://ctart.com.sg/collections/malls/products/robertson-quay"", ""source_credit"": ""ctart""}, {""local_path"": ""events_output/event_3/images/user_uploads/Robertson_Quay_Playground_4.jpg"", ""filename"": ""Robertson_Quay_Playground_4.jpg"", ""original_url"": ""https://ctart.com.sg/collections/malls/products/robertson-quay"", ""source_credit"": ""ctart""}]",103.8397405,1.2905229,TRUE,Central Region,Singapore River,,"small, toddler, slide"
196,Wet Playground at Northpoint City,Northpoint City,Your family fun starts here at Northpoint City!,"Have a splashing good time at Northpoint City Level 4 (North Wing) as your little ones swoosh down the water slides. Let them soak in fun under our exciting tipping buckets. Do remember to bring along extra sets of clothes and towels for your little ones, or just take the chance to shop for a brand new set in Northpoint!",https://www.northpointcity.com.sg/family,activity,https://www.northpointcity.com.sg/family,TRUE,Free,Free,0,0,,1 to 12 years old,0,12,Available daily (except Mon),"Available daily (except Mon), 10.30am to 9pm",1970-01-01T00:00:00+08:00,2099-12-31T23:59:59+08:00,Northpoint City,"930 Yishun Ave 2, Singapore 769098","Mall related, Outdoor Playground","[{""local_path"": ""events_output/event_1/images/user_uploads/Wet_Playground_at_Northpoint_City_1.jpg"", ""filename"": ""Wet_Playground_at_Northpoint_City_1.jpg"", ""original_url"": ""https://www.northpointcity.com.sg/family"", ""source_credit"": ""northpointcity""}]",103.83591,1.42962,TRUE,North Region,Yishun,Water play,"water, wet"
197,Hip Kids Play Playground at Forum The Shopping Mall,Forum The Shopping Mall,Enjoy boundless fun in our Hip Kids Play playground!,"Hip Kids Play playground offers a fun and safe environment for young children to explore and play. With slides and other engaging features, children can enjoy a new adventure with every visit. The playground is designed for children ages seven and below and below the height of 120cm, ensuring a safe and enjoyable experience for all. Parents can relax knowing their children are in a secure and entertaining environment. Just pop by the Information Counter located on Level 2 during mall hours from 10am to 8pm to sign up!",https://forumtheshoppingmall.com.sg/hip-kids-play/#playground,activity,https://forumtheshoppingmall.com.sg/hip-kids-play/#playground,FALSE,From $5,$5.00 per kid entry,5,5,5,7 years and below,0,7,Available daily,"Available daily, 10am to 8pm",1970-01-01T00:00:00+08:00,2099-12-31T23:59:59+08:00,Forum The Shopping Mall,"Orchard Rd, Singapore 238884","Indoor Playground, Mall related","[{""local_path"": ""events_output/event_1/images/user_uploads/Hip_Kids_Play_Playground_at_Forum_The_Shopping_Mall_1.jpg"", ""filename"": ""Hip_Kids_Play_Playground_at_Forum_The_Shopping_Mall_1.jpg"", ""original_url"": ""https://forumtheshoppingmall.com.sg/hip-kids-play/#playground"", ""source_credit"": ""forumtheshoppingmall""}, {""url"": ""https://forumtheshoppingmall.com.sg/hip-kids-play/images/pic_aboutus.jpg"", ""source_credit"": ""Forum The Shopping Mall""}]",103.8288194,1.3062623,TRUE,Central Region,Orchard,,"Toddler, small, slide, ballpit"
198,The Great Rail Adventure at Great World City Mall,Great World City Mall,Explore the traveling edutainment area for kids!,"All aboard The Great Rail Adventure, located at Level 1 right in front of UNIQLO! Take a fun-filled ride through the mall and give your legs a well-deserved break. It's a choo-ly delightful experience for the whole family.",https://shop.greatworld.com.sg/explore-great-world/family-favourites/,activity,https://shop.greatworld.com.sg/explore-great-world/family-favourites/,FALSE,From $6,$6 per ride,6,6,6,Suitable for all ages,0,99,Available daily,"Weekdays: 12pm to 8pm, Weekends and PH: 11am to 9pm",1970-01-01T00:00:00+08:00,2099-12-31T23:59:59+08:00,Great World City Mall,"1 Kim Seng Promenade, Singapore 237994","Mall related, Indoor Playground","[{""local_path"": ""events_output/event_2/images/user_uploads/The_Great_Rail_Adventure_at_Great_World_City_Mall_1.jpg"", ""filename"": ""The_Great_Rail_Adventure_at_Great_World_City_Mall_1.jpg"", ""original_url"": ""https://shop.greatworld.com.sg/explore-great-world/family-favourites/"", ""source_credit"": ""greatworld""}]",103.8319293,1.2936417,TRUE,Central Region,Singapore River,,train
199,ZOOMOOV Safari Family Entertainment at Vivocity,ZOOMOOV,Electrifying safari-themed adventure with electronic rides!,"Experience the ultimate family entertainment with ZOOMOOV Safari! Immerse yourselves in an electrifying safari-themed adventure with our exciting electronic rides. From parents to kids, everyone is sure to have a wild time! This safari-themed adventure is perfect for families looking for a fun and engaging activity. The electronic rides are designed to be safe and enjoyable for children of all ages, while parents can relax and watch their kids have a blast. It's a great way to spend quality time together and create lasting memories. The venue is family-friendly and suitable for all ages.",https://www.vivocity.com.sg/kidsclub/?play,activity,https://www.vivocity.com.sg/kidsclub/?play,FALSE,From $5,$5 per ride,5,5,5,Suitable for all ages,0,99,Available daily,"Weekdays: 11am - 9pm, Weekends/PH: 10am - 9pm",1970-01-01T00:00:00+08:00,2099-12-31T23:59:59+08:00,ZOOMOOV Safari Vivocity,"1 HarbourFront Walk, level 2 outdoor, Singapore 098585","Mall related, Indoor Playground","[{""local_path"": ""events_output/event_1/images/user_uploads/ZOOMOOV_Safari_Family_Entertainment_at_Vivocity_1.jpg"", ""filename"": ""ZOOMOOV_Safari_Family_Entertainment_at_Vivocity_1.jpg"", ""original_url"": """", ""source_credit"": ""User Upload""}]",103.822894,1.2647884,TRUE,Central Region,Bukit Merah,,ride
200,Paragon Playground & Kiddy Rides on Level 5,Paragon,Fun for children at our playground and kiddy rides!,"Let the children have some fun at our playground and kiddy rides on Level 5 while you take a break from shopping. The playground offers a safe and engaging environment for kids to play and explore. Kiddy rides provide entertainment for younger children. It's a perfect spot for families to relax and enjoy their time at Paragon. The area is designed to be family-friendly, ensuring a pleasant experience for both parents and children. Enjoy a variety of rides and play structures suitable for different age groups.",https://paragon.com.sg/paragon-junior/,activity,https://paragon.com.sg/paragon-junior/,TRUE,Free,Free,0,0,,1 to 12 years old,0,12,Available daily,"Available daily, 10:00am to 10:00pm",1970-01-01T00:00:00+08:00,2099-12-31T23:59:59+08:00,Paragon Shopping Centre Level 5,"290 Orchard Rd, Singapore 238859","Mall related, Indoor Playground","[{""local_path"": ""events_output/event_1/images/user_uploads/Paragon_Playground___Kiddy_Rides_on_Level_5_1.jpg"", ""filename"": ""Paragon_Playground___Kiddy_Rides_on_Level_5_1.jpg"", ""original_url"": ""https://paragon.com.sg/paragon-junior/"", ""source_credit"": ""paragon""}]",103.8360565,1.3039633,TRUE,Central Region,Orchard,,"toddler, see-saw, slide"
201,Westgate Wonderland,CapitaLand,An outdoor playground at Westgate for kids.,"Westgate Wonderland is an outdoor playground located on Level 4 of Westgate mall. It features a variety of play equipment suitable for children of different ages, including a giant tree house with slides, climbing structures, and water play areas. The playground is designed to provide a fun and engaging environment for kids to explore and play. It is a great place for families to spend time together and enjoy the outdoors. The playground is open daily and is free for all to use. Parents can relax and watch their children play in a safe and secure environment. Westgate Wonderland is a popular destination for families with young children in the Jurong East area.",https://www.capitaland.com/sg/malls/westgate/en/stores/westgate-wonderland.html,activity,https://www.capitaland.com/sg/malls/westgate/en/stores/westgate-wonderland.html,TRUE,Free,Free,0,0,,1 to 12 years old,0,12,Available daily,"Available daily, 10am to 10pm",1970-01-01T00:00:00+08:00,2099-12-31T23:59:59+08:00,Westgate,"3 Gateway Dr, Level 4 Westgate, Singapore 608532","Outdoor Playground, Mall related","[{""url"": ""https://www.capitaland.com/sg/malls/westgate/en/stores/westgate-wonderland/_jcr_content/root/container/container/entitydetails.coreimg.png/content/dam/capitaland-sites/singapore/shop/malls/westgate/tenants/Westgate%20Wonderland_900x900px.png"", ""source_credit"": ""CapitaLand""}]",103.7427835,1.3343784,TRUE,West Region,Jurong East,,"slide, rooftop"
202,Digital Light Canvas,teamLab,Journey into a fantastical paradise of light & color,"Immerse yourself in an endlessly interactive dreamscape where exotic flowers magically bloom under each footstep, giant koi fish glide alongside, and all manner of animal life come out to play. Let your imagination soar as you easily create your own masterpiece and even take it home with you. Digital Light Canvas is presented in collaboration with teamLab, the international art collective behind teamLab Future World. This attraction is perfect for families and children of all ages who enjoy interactive art experiences.",https://www.marinabaysands.com/attractions/digital-light-canvas.html?gclsrc=aw.ds&gad_source=1&gad_campaignid=9512250392&gbraid=0AAAAADFjxDp28yIf6W5V3z2Lvgey1Y-Sc&gclid=CjwKCAjwq9rFBhAIEiwAGVAZP6IeVw-P4w8JMkUzh3GZQBMARYw3rfNWadqgMpPYUBZlQUMNEf6CghoCWhEQAvD_BwE,activity,https://www.marinabaysands.com/attractions/digital-light-canvas.html?gclsrc=aw.ds&gad_source=1&gad_campaignid=9512250392&gbraid=0AAAAADFjxDp28yIf6W5V3z2Lvgey1Y-Sc&gclid=CjwKCAjwq9rFBhAIEiwAGVAZP6IeVw-P4w8JMkUzh3GZQBMARYw3rfNWadqgMpPYUBZlQUMNEf6CghoCWhEQAvD_BwE,TRUE,Free + Paid options,$12 - $17 (Free for child under 2years old),12,12,17,Suitable for all ages,0,99,Available daily,"Available daily, 11am – 9pm",1970-01-01T00:00:00+08:00,2099-12-31T23:59:59+08:00,Digital Light Canvas,"10 Bayfront Ave, B2-50 The Shoppes, Marina Bay Sands, Singapore 018956","Attraction, Indoor Playground","[{""local_path"": ""events_output/event_1/images/user_uploads/Digital_Light_Canvas_1.jpg"", ""filename"": ""Digital_Light_Canvas_1.jpg"", ""original_url"": ""https://www.marinabaysands.com/attractions/digital-light-canvas.html?gclsrc=aw.ds&gad_source=1&gad_campaignid=9512250392&gbraid=0AAAAADFjxDp28yIf6W5V3z2Lvgey1Y-Sc&gclid=CjwKCAjwq9rFBhAIEiwAGVAZP6IeVw-P4w8JMkUzh3GZQBMARYw3rfNWadqgMpPYUBZlQUMNEf6CghoCWhEQAvD_BwE"", ""source_credit"": ""marinabaysands""}]",103.8600025,1.2852811,TRUE,Central Region,Downtown Core,,"digital, art"
203,ArtScience Museum at Marina Bay Sands,Marina Bay Sands,"Explore art, science, technology and culture intersection.","Explore the intersection between art, science, technology and culture at this local cultural institution. The ArtScience Museum offers a dynamic and engaging experience for visitors of all ages. Discover innovative exhibitions that blend creativity with scientific principles. Perfect for families, students, and art enthusiasts, the museum provides a unique learning environment. Immerse yourself in thought-provoking displays and interactive installations that showcase the wonders of human ingenuity. A captivating destination that inspires curiosity and fosters a deeper understanding of the world around us.",https://www.marinabaysands.com/attractions/digital-light-canvas.html?gclsrc=aw.ds&gad_source=1&gad_campaignid=9512250392&gbraid=0AAAAADFjxDp28yIf6W5V3z2Lvgey1Y-Sc&gclid=CjwKCAjwq9rFBhAIEiwAGVAZP6IeVw-P4w8JMkUzh3GZQBMARYw3rfNWadqgMpPYUBZlQUMNEf6CghoCWhEQAvD_BwE,attraction,https://www.marinabaysands.com/attractions/digital-light-canvas.html?gclsrc=aw.ds&gad_source=1&gad_campaignid=9512250392&gbraid=0AAAAADFjxDp28yIf6W5V3z2Lvgey1Y-Sc&gclid=CjwKCAjwq9rFBhAIEiwAGVAZP6IeVw-P4w8JMkUzh3GZQBMARYw3rfNWadqgMpPYUBZlQUMNEf6CghoCWhEQAvD_BwE,FALSE,From $5,From $5 - $48 (Varies according to exhibition),5,5,48,Suitable for all ages,0,99,Available daily,"Sun – Thu: 10am – 7pm, Fri – Sat: 10am – 9pm",1970-01-01T00:00:00+08:00,2099-12-31T23:59:59+08:00,ArtScience Museum,"6 Bayfront Ave, Singapore 018974",Attraction,"[{""url"": ""https://www.marinabaysands.com/content/dam/marinabaysands/attractions/digital-light-canvas/asm-1920x1080.jpg"", ""source_credit"": ""Marina Bay Sands""}]",103.8592663,1.2862738,TRUE,Central Region,Downtown Core,,"museum, exhibition, exhibit, art"
204,Sampan Rides at Marina Bay Sands Canal,Marina Bay Sands,Glide along the canal in a charming Sampan boat.,"Glide along the canal in a charming Sampan boat inspired by those that once filled the Singapore River. Sampan Rides offer a unique and relaxing way to experience the beauty of Marina Bay Sands. Perfect for families and couples, these traditional-style boats provide a gentle journey through the heart of the resort. Enjoy the stunning architecture and vibrant atmosphere as you float along the canal. A delightful activity that captures the essence of Singapore's cultural heritage and offers a memorable experience for all.",https://www.marinabaysands.com/attractions/sampan-rides.html?gclsrc=aw.ds&gad_source=1&gad_campaignid=9512250395&gbraid=0AAAAADFjxDpKkr1dm7degKz_jDoCx-8-G&gclid=Cj0KCQjw58PGBhCkARIsADbDilwilTeJXzWNmOnbNCHRf0J7yodcg_amvwqwpGfcEnF1AnC_bDW_qKAaAkY3EALw_wcB,activity,https://www.marinabaysands.com/attractions/digital-light-canvas.html?gclsrc=aw.ds&gad_source=1&gad_campaignid=9512250392&gbraid=0AAAAADFjxDp28yIf6W5V3z2Lvgey1Y-Sc&gclid=CjwKCAjwq9rFBhAIEiwAGVAZP6IeVw-P4w8JMkUzh3GZQBMARYw3rfNWadqgMpPYUBZlQUMNEf6CghoCWhEQAvD_BwE,FALSE,From $10,$10 per pax per ride,10,10,10,3 years old and above (min height 85cm),3,99,Available daily,"Available daily, 11am - 9pm",1970-01-01T00:00:00+08:00,2099-12-31T23:59:59+08:00,Sampan Rides,"10 Bayfront Ave, Level B2 The Shoppes, Marina Bay Sands, Singapore 018956","Attraction,Indoor Playground","[{'url': 'https://www.marinabaysands.com/content/dam/revamp/attractions/TicketOnlineOrder/sampan-rides-1920x1080.jpg, 'source_credit': 'Marina Bay Sands'}]",103.8592984,1.2829817,TRUE,Central Region,Downtown Core,,"ride, boat"
205,Tampines 1 Rooftop Wet and Dry playground,Tampines 1,A shopping mall with family-friendly activities.,"Up on the rooftop of Tampines 1, kids can dive into double the adventure with both wet and dry play zones. In the dry area, little ones can conquer a faux rock-climbing wall, zoom down bright slides, scramble through ladders, and discover shaded toddler corners with interactive panels and gentle rides. For those who love water, there’s a wildlife-themed wet zone full of gushing fountains, playful water jets shaped like hippos, and slides shaped like polar bears or seals—all in shallow splash zones perfect for cooling off. Shower and changing areas are nearby, making transitions easier. Whether your child wants to scale, slide, splash or chill, Tampines 1 has something for every kind of play!",https://www.tampines1.com.sg/family,activity,https://www.tampines1.com.sg/family,TRUE,Free,Free,0,0,,2 to 12 years old,2,12,Available daily,"Available daily, 10am to 10pm",1970-01-01T00:00:00+08:00,2099-12-31T23:59:59+08:00,Tampines 1,Tampines Central 1,"Mall related, Outdoor Playground","[{""local_path"": ""events_output/event_3/images/user_uploads/Tampines_1_Rooftop_Wet_and_Dry_playground_1.jpg"", ""filename"": ""Tampines_1_Rooftop_Wet_and_Dry_playground_1.jpg"", ""original_url"": ""https://www.tampines1.com.sg/family"", ""source_credit"": ""Tampines1""}, {""local_path"": ""events_output/event_3/images/user_uploads/Tampines_1_Rooftop_Wet_and_Dry_playground_2.jpg"", ""filename"": ""Tampines_1_Rooftop_Wet_and_Dry_playground_2.jpg"", ""original_url"": ""https://www.tampines1.com.sg/family"", ""source_credit"": ""Tampines1""}]",103.9450353,1.3542124,TRUE,East Region,Tampines,Water play,"Water, wet, toddler, slide, rocking horse"
206,Kids Playground at 313@somerset Sky Terrace,313@somerset,Enjoy the Kids playground at Sky Terrace!,"The Sky Terrace at 313@somerset features a dedicated kids' playground, providing a fun and safe environment for children to play and explore. Parents can relax while kids enjoy the play structures. The playground is designed for young children and offers a variety of activities to keep them entertained. It's a great place for families to spend time together while shopping or dining at 313@somerset. The playground is located on the Sky Terrace, offering a pleasant outdoor setting for families.",https://www.313somerset.com.sg/concierge/centre-services/,activity,https://www.313somerset.com.sg/concierge/centre-services/,TRUE,Free,Free,0,0,,2 to 5 years old,2,5,Available daily,"Available daily, 10am – 10pm (Fri & Sat till 11 pm)",1970-01-01T00:00:00+08:00,2099-12-31T23:59:59+08:00,313@somerset Sky Terrace,"8 Grange Rd, #04-04/05 Orchard Cineleisure, Singapore 239695","Outdoor Playground, Mall related","[{""local_path"": ""events_output/event_2/images/user_uploads/Kids_Playground_at_313_somerset_Sky_Terrace_1.jpg"", ""filename"": ""Kids_Playground_at_313_somerset_Sky_Terrace_1.jpg"", ""original_url"": ""https://www.flickr.com/photos/avlxyz/"", ""source_credit"": ""avlxyz""}]",103.8363441,1.301527,TRUE,Central Region,Orchard,,"toddler, small, slide"
207,Eastpoint Mall L6 playground,Eastpoint Mall,Discover family fun at Eastpoint Mall in Simei today!,"Eastpoint Mall is a haven for families, offering both exciting activities and a wide range of stores. On L6, little ones can set sail on adventure at the nautical-themed play area, complete with ship slides and rope climbing structures. While the children play to their hearts’ content, parents and caregivers can take a well-deserved rest at the nearby seating areas, or enjoy a leisurely round of shopping with peace of mind.",https://www.eastpoint.sg/family,activity,https://www.eastpoint.sg/family,TRUE,Free,Free,0,0,,2 to 12 years old,2,12,Available daily,"Available daily, 10am - 10pm",1970-01-01T00:00:00+08:00,2099-12-31T23:59:59+08:00,Eastpoint Mall,"Simei Street 6, #04-12/13/14 Eastpoint Mall, 3号, Singapore: 528833","Mall related, Outdoor Playground","[{""local_path"": ""events_output/event_1/images/user_uploads/Eastpoint_Mall_L6_playground_1.jpg"", ""filename"": ""Eastpoint_Mall_L6_playground_1.jpg"", ""original_url"": ""https://www.eastpoint.sg/family"", ""source_credit"": ""eastpoint""}]",103.9530415,1.3427145,TRUE,East Region,Tampines,,"climb, rope, net"
208,Rooftop Playground at The Seletar Mall,The Seletar Mall,Chill with a scenic view at the rooftop playground!,"The rooftop playground on Level 4 offers a scenic view where kids can meet Sir Little and Friends. Open from 10am to 10pm, weather permitting. When the sun sets, the playground is illuminated by solar lighting, creating a magical ambience for families to enjoy. Diaper changing and nursing rooms are conveniently located at Basement 1, Level 2, Level 3 and Level 4, equipped with basins, hot water dispensers, diaper changing stations and nursing rooms.",https://theseletarmall.com.sg/explore-the-seletar-mall/family-favourites/,activity,https://theseletarmall.com.sg/explore-the-seletar-mall/family-favourites/,TRUE,Free,Free,0,0,,1 to 12 years old,0,12,Available daily,"Available daily, 10am to 10pm",1970-01-01T00:00:00+08:00,2099-12-31T23:59:59+08:00,The Seletar Mall,"33 Sengkang W Ave, #03-K3 The Seletar Mall, Singapore 797653","Outdoor Playground, Mall related","[{""local_path"": ""events_output/event_1/images/user_uploads/Rooftop_Playground_at_The_Seletar_Mall_1.jpg"", ""filename"": ""Rooftop_Playground_at_The_Seletar_Mall_1.jpg"", ""original_url"": ""https://theseletarmall.com.sg/explore-the-seletar-mall/family-favourites/"", ""source_credit"": ""theseletarmall""}]",103.8760564,1.3915397,TRUE,North-East Region,Sengkang,,"Slide, swing, rooftop"
209,Playgrounds at Pasir Ris Mall Central Greenway,Pasir Ris Mall,Fun-filled moments at engaging playgrounds await!,"Pasir Ris Mall offers engaging playgrounds located at Level 2 Central Greenway, designed to cater to families. Enjoy convenient amenities such as diaper changing and nursing rooms on Basement 1, Basement 2, and Level 2, equipped with basins, hot water dispensers, and changing stations. Designated family parking lots are available near the entrances at Basement 1 and Basement 2 for families with infants and young children. Nurture young minds with education and edutainment options.",https://pasirrismall.com.sg/explore-pasir-ris-mall/family-favourites/,activity,https://pasirrismall.com.sg/explore-pasir-ris-mall/family-favourites/,TRUE,Free,Free,0,0,,2 to 12 years old,2,12,Available daily,"Available daily, 10am - 10pm",1970-01-01T00:00:00+08:00,2099-12-31T23:59:59+08:00,Pasir Ris Mall,110 Pasir Ris Central,"Outdoor Playground, Mall related","[{""url"": ""https://pasirrismall.com.sg/wp-content/uploads/2024/08/Fun-for-Kids.png"", ""source_credit"": ""Pasir Ris Mall""}, {""url"": ""https://pasirrismall.com.sg/wp-content/uploads/2024/08/Diaper-Changing-and-Nursing-Rooms.png"", ""source_credit"": ""Pasir Ris Mall""}, {""url"": ""https://pasirrismall.com.sg/wp-content/uploads/2024/01/explore_family_4.png"", ""source_credit"": ""Pasir Ris Mall""}]",103.9519953,1.3733169,TRUE,East Region,Pasir Ris,,"nature, see-saw, balance, rocking horse"
210,Changi Experience Studio: Immersive Digital Fun,Jewel Changi Airport,Discover Changi Airport's history through interactive exhibits.,"Step into the captivating world of Changi Airport at the Changi Experience Studio. This immersive attraction offers a blend of digital and interactive exhibits that showcase the airport's rich history, operations, and future aspirations. Engage in simulated airport tasks, learn about the intricate workings behind the scenes, and discover the stories of the people who make Changi Airport a world-class aviation hub. Perfect for families and aviation enthusiasts of all ages, the Changi Experience Studio provides an educational and entertaining experience that will leave you with a newfound appreciation for the magic of air travel. Explore interactive games, multimedia displays, and captivating storytelling that brings the airport's past, present, and future to life.",https://www.jewelchangiairport.com/en/attractions.html,activity,https://www.jewelchangiairport.com/en/attractions.html,TRUE,Free + Paid options,From $14.80 - $59.80 (Free for child below 5 years old),14.8,14.8,59.8,5 years old and above,5,99,Available daily,"Weekdays: 11:00am - 8:00pm, Weekends & PH: 10:00am - 8:00pm ",1970-01-01T00:00:00,2099-12-31T23:59:00,Changi Experience Studio,"78 Airport Blvd., Singapore 819666","Attraction, Indoor Playground, Mall related","[{""local_path"": ""events_output/event_1/images/user_uploads/Changi_Experience_Studio__Immersive_Digital_Fun_1.jpg"", ""filename"": ""Changi_Experience_Studio__Immersive_Digital_Fun_1.jpg"", ""original_url"": ""https://www.jewelchangiairport.com/en/attractions/ces.html"", ""source_credit"": ""jewelchangiairport""}, {""local_path"": ""events_output/event_1/images/user_uploads/Changi_Experience_Studio__Immersive_Digital_Fun_2.jpg"", ""filename"": ""Changi_Experience_Studio__Immersive_Digital_Fun_2.jpg"", ""original_url"": ""https://www.jewelchangiairport.com/en/attractions/ces.html"", ""source_credit"": ""jewelchangiairport""}]",103.9892367,1.3598678,TRUE,East Region,Changi,,Jewel
211,Shiseido Forest Valley: A Lush Indoor Oasis,Jewel Changi Airport,Explore a stunning indoor garden with walking trails.,"Escape the hustle and bustle of the airport and immerse yourself in the tranquility of the Shiseido Forest Valley. This breathtaking indoor garden features lush greenery, towering trees, and cascading waterfalls, creating a serene oasis in the heart of Jewel Changi Airport. Take a leisurely stroll along the winding walking trails, breathe in the fresh air, and admire the beauty of nature. The Shiseido Forest Valley offers a welcome respite for travelers and a unique opportunity to connect with the natural world. Perfect for families, nature lovers, and anyone seeking a moment of peace and relaxation, this enchanting garden is a must-see attraction at Jewel Changi Airport. Discover hidden pathways, admire the diverse plant life, and experience the magic of an indoor rainforest.",https://www.jewelchangiairport.com/en/attractions.html,activity,https://www.jewelchangiairport.com/en/attractions/forest-valley.html,TRUE,Free,Free,0,0,,Suitable for all ages,0,99,Available daily,Available daily,1970-01-01T00:00:00,2099-12-31T23:59:00,Shiseido Forest Valley,78 Airport Blvd.,"Attraction, Mall related","[{""local_path"": ""events_output/event_2/images/user_uploads/Shiseido_Forest_Valley__A_Lush_Indoor_Oasis_1.jpg"", ""filename"": ""Shiseido_Forest_Valley__A_Lush_Indoor_Oasis_1.jpg"", ""original_url"": ""https://www.jewelchangiairport.com/en/attractions/forest-valley.html"", ""source_credit"": ""jewelchangiairport""}, {""local_path"": ""events_output/event_2/images/user_uploads/Shiseido_Forest_Valley__A_Lush_Indoor_Oasis_2.jpg"", ""filename"": ""Shiseido_Forest_Valley__A_Lush_Indoor_Oasis_2.jpg"", ""original_url"": ""https://www.jewelchangiairport.com/en/attractions/forest-valley.html"", ""source_credit"": ""jewelchangiairport""}]",103.9895919,1.3601723,TRUE,East Region,Changi,,Jewel
212,HSBC Rain Vortex: The World's Tallest Waterfall,Jewel Changi Airport,Witness a mesmerizing indoor waterfall spectacle.,"Marvel at the HSBC Rain Vortex, the world's tallest indoor waterfall, cascading from a height of 40 meters. This breathtaking spectacle is a true engineering marvel and a visual delight. Watch as water plunges from the oculus at the top of Jewel Changi Airport, creating a mesmerizing display of light and sound. The HSBC Rain Vortex is surrounded by lush greenery, creating a stunning contrast between nature and technology. Perfect for families, photographers, and anyone seeking a moment of awe and wonder, this iconic attraction is a must-see at Jewel Changi Airport. Experience the magic of the Rain Vortex during the day or at night, when it is illuminated by a dazzling light show. Capture unforgettable photos and create lasting memories at this world-renowned landmark.",https://www.jewelchangiairport.com/en/attractions.html,activity,https://www.jewelchangiairport.com/en/attractions.html,TRUE,Free,Free,0,0,,Suitable for all ages,0,99,Available daily,"Available daily, 10am - 10pm",1970-01-01T00:00:00,2099-12-31T23:59:00,HSBC Rain Vortex,"78 Airport Blvd., Singapore 819666","Attraction, Mall related","[{""local_path"": ""events_output/event_3/images/user_uploads/HSBC_Rain_Vortex__The_World_s_Tallest_Waterfall_1.jpg"", ""filename"": ""HSBC_Rain_Vortex__The_World_s_Tallest_Waterfall_1.jpg"", ""original_url"": ""https://www.jewelchangiairport.com/en/attractions/rain-vortex.html"", ""source_credit"": ""jewelchangiairport""}, {""local_path"": ""events_output/event_3/images/user_uploads/HSBC_Rain_Vortex__The_World_s_Tallest_Waterfall_2.jpg"", ""filename"": ""HSBC_Rain_Vortex__The_World_s_Tallest_Waterfall_2.jpg"", ""original_url"": ""https://www.jewelchangiairport.com/en/attractions/rain-vortex.html"", ""source_credit"": ""jewelchangiairport""}]",103.98973,1.360136,TRUE,East Region,Changi,,Jewel
213,Canopy Park: Play and Dine Amidst Nature,Jewel Changi Airport,Enjoy play attractions and dining at the top of Jewel.,"Head to the top of Jewel Changi Airport and discover Canopy Park, a recreational wonderland for all ages. This sprawling park features a variety of play attractions, including bouncing nets, a fog-filled forest, and thrilling slides. Explore the Canopy Bridge, a glass-bottomed walkway that offers stunning views of the HSBC Rain Vortex below. Indulge in delicious food and drinks at the park's many dining options, surrounded by lush greenery and breathtaking views. Perfect for families, thrill-seekers, and anyone looking for a fun-filled day out, Canopy Park is a must-visit destination at Jewel Changi Airport. Create lasting memories as you play, dine, and explore this unique rooftop oasis. Discover hidden corners, challenge yourself on the various attractions, and soak in the vibrant atmosphere.",https://www.jewelchangiairport.com/en/attractions.html,activity,https://www.jewelchangiairport.com/en/attractions.html,FALSE,From $6,"$6 per pax for Singapore residents, $8 per pax for Standard rate",6,6,8,Suitable for all ages,0,99,Available daily,"Mon - Thu: 10am - 9pm, Fri - Sun, Eve & PH: 10 - 10pm",1970-01-01T00:00:00,2099-12-31T23:59:00,Canopy Park,"Airport Blvd., Level 5 78, Singapore 819666","Attraction, Mall related","[{""local_path"": ""events_output/event_4/images/user_uploads/Canopy_Park__Play_and_Dine_Amidst_Nature_1.png"", ""filename"": ""Canopy_Park__Play_and_Dine_Amidst_Nature_1.png"", ""original_url"": ""https://www.jewelchangiairport.com/en/attractions/canopy-park.html"", ""source_credit"": ""jewelchangiairport""}]",103.9895888,1.3600986,TRUE,East Region,Changi,,Jewel
214,Bouncing Net - Jewel Changi Airport,Jewel Changi Airport,Jump and bounce to your heart's content.,"The Bouncing Net offers a fun and energetic experience for visitors of all ages. This attraction allows you to bounce and jump on a large net suspended high above the ground, providing a thrilling and unique perspective of Jewel Changi Airport. It's a great way to release energy and enjoy a playful adventure with family and friends. The Bouncing Net is designed with safety in mind, ensuring a secure and enjoyable experience for everyone. Suitable for families and thrill-seekers alike, this attraction promises an exciting and memorable time amidst the beauty of Jewel.",https://www.jewelchangiairport.com/en/attractions.html,activity,https://www.jewelchangiairport.com/en/attractions.html,FALSE,From $15.90,From $15.90 - $24.90 ,15.9,15.9,24.9,5 years old and above (min height 110cm),5,99,Available daily,"Available daily, 10am - 9pm",1970-01-01T00:00:00,2099-12-31T23:59:00,Canopy Park,"Airport Blvd., Level 5 78, Singapore 819666","Attraction, Mall related","[{""local_path"": ""events_output/event_5/images/user_uploads/Bouncing_Net___Jewel_Changi_Airport_1.png"", ""filename"": ""Bouncing_Net___Jewel_Changi_Airport_1.png"", ""original_url"": ""https://www.jewelchangiairport.com/en/attractions/bouncing-net.html"", ""source_credit"": ""jewelchangiairport""}]",103.9895888,1.3600986,TRUE,East Region,Changi,,Jewel
215,Mirror Maze - Jewel Changi Airport,Jewel Changi Airport,Get lost in a world of reflections and illusions.,"The Mirror Maze offers a mind-bending and visually stimulating experience for visitors of all ages. This attraction challenges your perception as you navigate through a labyrinth of mirrors, creating endless reflections and surprising illusions. It's a fun and engaging activity that encourages exploration and problem-solving. The Mirror Maze is designed to be both entertaining and safe, providing a unique and memorable experience for everyone. Suitable for families and those seeking a playful adventure, this attraction promises laughter and excitement amidst the wonders of Jewel.",https://www.jewelchangiairport.com/en/attractions.html,activity,https://www.jewelchangiairport.com/en/attractions.html,FALSE,From $10.90,From $10.90 - $18.90,10.9,10.9,18.9,3 years old and above (All child must be accompanied by a paying adult),3,99,Available daily,"Available daily, 10am - 9pm",1970-01-01T00:00:00,2099-12-31T23:59:00,Canopy Park,"L5 Jewel Canopy Park, Singapore 819666","Attraction, Mall related, Indoor Playground","[{""local_path"": ""events_output/event_6/images/user_uploads/Mirror_Maze___Jewel_Changi_Airport_1.png"", ""filename"": ""Mirror_Maze___Jewel_Changi_Airport_1.png"", ""original_url"": ""https://www.jewelchangiairport.com/en/attractions/mirror-maze.html"", ""source_credit"": ""jewelchangairport""}]",103.9902312,1.359994,TRUE,East Region,Changi,,Jewel
216,Hedge Maze - Jewel Changi Airport,Jewel Changi Airport,Find your way through a lush green labyrinth.,"The Hedge Maze offers a classic and enchanting experience for visitors of all ages. This attraction challenges your sense of direction as you navigate through a winding labyrinth of lush greenery. It's a fun and engaging activity that encourages exploration and problem-solving. The Hedge Maze is designed to be both entertaining and safe, providing a unique and memorable experience for everyone. Suitable for families and those seeking a playful adventure, this attraction promises laughter and excitement amidst the wonders of Jewel.",https://www.jewelchangiairport.com/en/attractions.html,activity,https://www.jewelchangiairport.com/en/attractions.html,FALSE,From $8.90,From $8.90 - $13.90,8.9,8.9,13.9,3 years old and above (All child must be accompanied by a paying adult),3,99,Available daily,"Available daily, 10am - 9pm",1970-01-01T00:00:00,2099-12-31T23:59:00,Canopy Park,"78 Airport Boulevard Canopy Park, L5, Singapore 819666","Attraction, Mall related, Indoor Playground","[{""local_path"": ""events_output/event_7/images/user_uploads/Hedge_Maze___Jewel_Changi_Airport_1.png"", ""filename"": ""Hedge_Maze___Jewel_Changi_Airport_1.png"", ""original_url"": ""https://www.jewelchangiairport.com/en/attractions/hedge-maze.html"", ""source_credit"": ""jewelchangiairport""}]",103.9901018,1.3606537,TRUE,East Region,Changi,,Jewel
217,Mastercard® Canopy Bridge - Jewel Changi Airport,Jewel Changi Airport,Stroll across a bridge high above the ground.,"The Mastercard® Canopy Bridge offers a breathtaking and unforgettable experience for visitors of all ages. Suspended high above the ground, this bridge provides stunning panoramic views of Jewel Changi Airport's iconic Rain Vortex and lush greenery. It's a perfect spot for taking memorable photos and enjoying the beauty of Jewel from a unique perspective. The Mastercard® Canopy Bridge is designed with safety in mind, ensuring a secure and enjoyable experience for everyone. Suitable for families and those seeking a scenic adventure, this attraction promises awe-inspiring moments amidst the wonders of Jewel.",https://www.jewelchangiairport.com/en/attractions.html,activity,https://www.jewelchangiairport.com/en/attractions.html,FALSE,From $8.90,From $8.90 - $13.90,8.9,8.9,13.9,Suitable for all ages,0,99,Available daily,"Available daily, 10am - 9pm",1970-01-01T00:00:00,2099-12-31T23:59:00,Canopy Park,"78 Airport Boulevard, #05-00, Jewel, Airport Blvd., Level 5 Singapore Changi Airport, 78, Singapore 819666","Attraction, Mall related","[{""local_path"": ""events_output/event_8/images/user_uploads/Mastercard__Canopy_Bridge___Jewel_Changi_Airport_1.png"", ""filename"": ""Mastercard__Canopy_Bridge___Jewel_Changi_Airport_1.png"", ""original_url"": ""https://www.jewelchangiairport.com/en/attractions/Mastercard-canopy-bridge.html"", ""source_credit"": ""jewelchangiairport""}]",103.9897593,1.3602082,TRUE,East Region,Changi,,Jewel
218,Foggy Bowls - Jewel Changi Airport,Jewel Changi Airport,Play amongst clouds of mist in a whimsical setting.,"The Foggy Bowls offer a playful and enchanting experience for visitors of all ages. This attraction features a whimsical landscape with clouds of mist swirling around gentle depressions in the ground. It's a fun and interactive way to explore and create memorable moments with family and friends. The Foggy Bowls are designed to be both entertaining and safe, providing a unique and unforgettable experience for everyone. Suitable for families and those seeking a touch of magic, this attraction promises laughter and wonder amidst the beauty of Jewel.",https://www.jewelchangiairport.com/en/attractions.html,activity,https://www.jewelchangiairport.com/en/attractions.html,FALSE,From $6,"$6 for Singapore residents, $8 for Standard rate",6,6,8,Suitable for all ages,0,99,Available daily,"Mon - Thu: 10am - 9pm, Fri - Sun, Eve & PH: 10am - 10pm",1970-01-01T00:00:00,2099-12-31T23:59:00,Canopy Park,"Airport Blvd., Level 5 78, Singapore 819666","Attraction, Mall related","[{""local_path"": ""events_output/event_9/images/user_uploads/Foggy_Bowls___Jewel_Changi_Airport_1.png"", ""filename"": ""Foggy_Bowls___Jewel_Changi_Airport_1.png"", ""original_url"": ""https://www.jewelchangiairport.com/en/attractions/foggy-bowls.html"", ""source_credit"": ""jewelchangiairport""}]",103.9895888,1.3600986,TRUE,East Region,Changi,,Jewel
219,Jewel-rassic Quest - Jewel Changi Airport,Jewel Changi Airport,Embark on a thrilling prehistoric adventure at Jewel.,"Jewel-rassic Quest is an augmented reality game at Jewel Changi Airport. Roam around the various attractions and embark on a thrilling prehistoric adventure. Explore the Shiseido Forest Valley and Canopy Park while encountering dinosaurs. This interactive experience is perfect for families and children who love dinosaurs and adventure. Discover hidden secrets and complete challenges as you journey through the Jurassic period. An unforgettable experience for all ages, combining technology and nature in a unique way.",https://www.jewelchangiairport.com/en/attractions.html,activity,https://www.jewelchangiairport.com/en/attractions.html,FALSE,From $18,"$18 for Singapore residents, $20 for Standard rate",18,18,20,6 years old and above,6,99,Available daily,"Available daily, 10.30am - 5.30pm",1970-01-01T00:00:00,2099-12-31T23:59:00,Jewel Changi Airport,"78 Airport Boulevard, Singapore 819666","Attraction, Mall related, Indoor Playground","[{""local_path"": ""events_output/event_10/images/user_uploads/Jewel_rassic_Quest_Walking_Net___Jewel_Changi_Airport_1.jpg"", ""filename"": ""Jewel_rassic_Quest_Walking_Net___Jewel_Changi_Airport_1.jpg"", ""original_url"": ""https://www.jewelchangiairport.com/en/attractions/Jewel-rassicQuest.html"", ""source_credit"": ""jewelchangiairport""}]",103.9897598,1.3602094,TRUE,East Region,Changi,,Jewel
220,Petal Garden at Jewel Changi Airport,Jewel Changi Airport,A winsome garden in bloom with vibrant floral displays.,"The Petal Garden at Jewel Changi Airport is a charming and vibrant floral display that captivates visitors with its beauty and fragrance. This garden showcases a variety of colorful flowers and lush greenery, creating a serene and picturesque environment. Perfect for families and children, the Petal Garden offers a delightful escape where they can admire the natural beauty and enjoy a peaceful stroll. The garden's design encourages exploration and appreciation of nature, making it a memorable experience for all ages. Whether you're looking for a relaxing spot or a photo opportunity, the Petal Garden is a must-visit attraction at Jewel Changi Airport.",https://www.jewelchangiairport.com/en/attractions.html,activity,https://www.jewelchangiairport.com/en/attractions.html,FALSE,From $6,"$6 for Singapore residents, $8 for Standard rate",6,6,8,Suitable for all ages,0,99,Available daily,"Mon - Thu: 10am - 9pm, Fri - Sun, Eve & PH: 10am - 10pm",1970-01-01T00:00:00,2099-12-31T23:59:00,Jewel Changi Airport,"Airport Blvd., Level 5 78, Singapore 819666","Attraction, Mall related","[{""local_path"": ""events_output/event_11/images/user_uploads/Petal_Garden_at_Jewel_Changi_Airport_1.png"", ""filename"": ""Petal_Garden_at_Jewel_Changi_Airport_1.png"", ""original_url"": ""https://www.jewelchangiairport.com/en/attractions/petal-garden.html"", ""source_credit"": ""jewelchangiairport""}]",103.9895888,1.3600986,TRUE,East Region,Changi,,Jewel
221,Topiary Walk at Jewel Changi Airport,Jewel Changi Airport,Bundles of fun at Canopy Park with Topiary Walk.,"Explore the enchanting Topiary Walk at Jewel Changi Airport's Canopy Park. This whimsical garden features meticulously sculpted topiaries in the shapes of various animals and plants, offering a delightful experience for visitors of all ages. Stroll through the lush greenery and admire the artistry of these living sculptures. The Topiary Walk provides a serene escape amidst the bustling airport environment, making it a perfect spot for families and nature enthusiasts to relax and enjoy the beauty of nature.",https://www.jewelchangiairport.com/en/attractions.html,activity,https://www.jewelchangiairport.com/en/attractions.html,FALSE,From $6,"$6 for Singapore residents, $8 for Standard rate",6,6,8,Suitable for all ages,0,99,Available daily,"Mon - Thu: 10am - 9pm, Fri - Sun, Eve & PH: 10am - 10pm",1970-01-01T00:00:00,2099-12-31T23:59:00,"Canopy Park, Jewel Changi Airport","Airport Blvd., Level 5 78, Singapore 819666","Attraction, Mall related","[{""local_path"": ""events_output/event_12/images/user_uploads/Topiary_Walk_at_Jewel_Changi_Airport_1.png"", ""filename"": ""Topiary_Walk_at_Jewel_Changi_Airport_1.png"", ""original_url"": ""https://www.jewelchangiairport.com/en/attractions/topiary-walk.html"", ""source_credit"": ""jewelchangiairport""}]",103.9895888,1.3600986,TRUE,East Region,Changi,,Jewel
222,Sands SkyPark Observation Deck Experiences,Marina Bay Sands,"Elevated city views, champagne, chocolates & photo book.","Bask in the beauty of golden hour from SkyPark Observation Deck. Enjoy elevated city views, premium champagne & chocolates pairing and a personalised photo book. From intimate sound meditation to high energy sessions, boost your physical and emotional well-being with a series of in-house classes at the Sands SkyPark. Embark on an electric escape in the city after dark. Toggle between three live DJs, groove to your own beat and dance the night away. Experience the race at its most exhilarating with exclusive vantage points, curated indulgences and high-octane spectacle magnified at every turn.",https://www.marinabaysands.com/see-and-do.html#attractions,activity,https://www.marinabaysands.com/see-and-do.html#attractions,FALSE,From $31,From $31 - $39,31,31,39,Suitable for all ages,0,99,Available daily,"Available daily, 10am – 4.30pm and 5pm – 10pm",1970-01-01T00:00:00,2099-12-31T23:59:00,Sands SkyPark,"10 Bayfront Avenue, Hotel, Tower 3 Level 56, Marina Bay Sands, Singapore 018956",Attraction,"[{""local_path"": ""events_output/event_1/images/user_uploads/Sands_SkyPark_Observation_Deck_Experiences_1.jpg"", ""filename"": ""Sands_SkyPark_Observation_Deck_Experiences_1.jpg"", ""original_url"": ""https://www.marinabaysands.com/content/dam/revamp/attractions/TicketOnlineOrder/skypark-obs-deck-offpeak.jpg"", ""source_credit"": ""marinabaysands""}]",103.8610313,1.2852044,TRUE,Central Region,Downtown Core,,MBS
223,Spectra Light & Water Show at Marina Bay Sands,Marina Bay Sands,"Outdoor light and water show, free nightly.","An outdoor light and water extravaganza evoking Singapore’s journey to becoming a cosmopolitan city. Shows nightly for free at the Event Plaza. Spectra is a mesmerizing display of lights, music, and water effects that tells the story of Singapore's rich history and vibrant culture. Perfect for families, couples, and visitors of all ages, this free show is a must-see attraction. Experience the magic as the water dances to the rhythm of the music, creating a captivating and unforgettable spectacle. Gather around the Event Plaza and witness the beauty of Spectra under the stars. A truly enchanting experience for everyone.",https://www.marinabaysands.com/see-and-do.html#attractions,event,https://www.marinabaysands.com/see-and-do.html#attractions,TRUE,Free,Free,0,0,,Suitable for all ages,0,99,Available daily,"Sun – Thu: 8pm & 9pm, Fri & Sat: 8pm, 9pm & 10pm",1970-01-01T00:00:00,2099-12-31T23:59:00,Event Plaza,"10 Bayfront Ave, Event Plaza Marina Bay Sands, Singapore 018972",Attraction,"[{""local_path"": ""events_output/event_2/images/user_uploads/Spectra_Light___Water_Show_at_Marina_Bay_Sands_1.jpg"", ""filename"": ""Spectra_Light___Water_Show_at_Marina_Bay_Sands_1.jpg"", ""original_url"": ""https://www.marinabaysands.com/attractions/spectra.html"", ""source_credit"": ""marinabaysands""}]",103.8582926,1.2844216,TRUE,Central Region,Downtown Core,,MBS
224,NEX Mall kidzPLAY @ Skygarden Pirate Adventure,NEX Mall,Seafaring pirate adventure at rooftop kidzPLAY @ Skygarden.,"The NEX Mall playground, also known as kidzPLAY @ Skygarden, offers a pirate ship adventure theme with both wet and dry play areas. The water playground features a pirate ship structure with multiple levels, a sea monster with climbing holds and a slide, sprays, and fountains. The dry playground includes a red ship with slides and climbing apparatus, as well as low swings. There is also a changing room available for kids who wish to head to the water playground. The playground is open from 11 am to 7 pm and is located at Level 4R.",https://www.littledayout.com/nex-playground-mall-water-kidzplay-skygarden/,activity,https://www.littledayout.com/nex-playground-mall-water-kidzplay-skygarden/,TRUE,Free,Free,0,0,,12 years old and below,0,12,Available daily,"Available daily, 11am - 7pm",1970-01-01T00:00:00,2099-12-31T23:59:00,NEX Mall,"23 Serangoon Central, level 4R, Singapore 556083","Outdoor Playground, Mall related","[{""local_path"": ""events_output/event_1/images/user_uploads/NEX_Mall_kidzPLAY___Skygarden_Pirate_Adventure_1.jpeg"", ""filename"": ""NEX_Mall_kidzPLAY___Skygarden_Pirate_Adventure_1.jpeg"", ""original_url"": """", ""source_credit"": ""DrDavidSing""}]",103.8725607,1.3509205,TRUE,North-East Region,Serangoon,Water play,"Water, wet, ship, pirate, rooftop, NEX, tunnel, toddler, slide, swing"
